SID,Year,OS_ID,OS_Name,Site_ID,Material,total,legal,sublegal,spat,non_spat,Collection.Method,Sample.Method,Latitude,Longitude,Deployment.Year,Deployment.Month,Material_Age,Oyster.Cover,Mussel_Cover,Sedimentation,Boring_Sponge,Sample_Depth,OS.Depth,Relief,S.DO,B.DO,S.Sal,B.Sal,S.Temp,B.Temp
2019-10-2-OS-09-1,2019,9,West Bluff,1,Marl,356,8,136,212,144,Extraction,Census,35.30435,-76.16831667,2005,10,14,1,3,2,3,11,15,4,NA,NA,NA,NA,NA,NA
2019-10-2-OS-09-2,2019,9,West Bluff,2,Marl,180,0,16,164,16,Extraction,Census,35.30456667,-76.16923333,2005,8,14.17,1,3,2,3,11,15,4,NA,NA,NA,NA,NA,NA
2019-10-2-OS-09-3,2019,9,West Bluff,3,Marl,452,4,156,292,160,Extraction,Census,35.30476667,-76.1697,2006,5,13.42,1,3,2,3,10,NA,NA,NA,NA,NA,NA,NA,NA
2019-10-2-OS-09-4,2019,9,West Bluff,4,Marl,320,0,44,276,44,Extraction,Census,35.30421667,-76.1698,2009,7,10.25,1,3,2,3,10,NA,NA,NA,NA,NA,NA,NA,NA
2019-6-18-OS-15-1,2019,15,Swan Island,1,Marl,416,88,324,4,412,Extraction,Census,35.09213333,-76.45583333,2017,5,2.08,2,1,2,1,11,13,2,7.48,7.42,17.1,17.3,28.3,27.5
2019-6-18-OS-15-2,2019,15,Swan Island,2,Marl,768,28,604,136,632,Extraction,Census,35.09291667,-76.45715,2017,6,2,2,1,2,1,11,14,3,7.48,7.42,17.1,17.3,28.3,27.5
2019-6-18-OS-15-3,2019,15,Swan Island,3,Marl,264,24,232,8,256,Extraction,Census,35.09295,-76.45493333,2017,6,2,2,1,2,1,12,14,2,7.48,7.42,17.1,17.3,28.3,27.5
2019-6-18-OS-15-4,2019,15,Swan Island,4,Marl,380,16,344,20,360,Extraction,Census,35.09193333,-76.45341667,2017,5,2.08,2,1,2,1,11,13,2,7.48,7.42,17.1,17.3,28.3,27.5
2019-6-18-OS-15-5,2019,15,Swan Island,5,Marl,768,52,676,40,728,Extraction,Census,35.09266667,-76.4561,2017,6,2,2,1,2,1,10,14,4,7.48,7.42,17.1,17.3,28.3,27.5
2019-6-18-OS-15-6,2019,15,Swan Island,6,Marl,460,4,452,4,456,Extraction,Census,35.09198333,-76.454,2017,5,2.08,2,1,2,1,10,13,3,7.48,7.42,17.1,17.3,28.3,27.5
2019-6-18-OS-15-7,2019,15,Swan Island,7,Marl,428,16,412,0,428,Extraction,Census,35.0923,-76.45675,2017,5,2.08,2,1,2,1,10,13,3,7.48,7.42,17.1,17.3,28.3,27.5
2019-6-18-OS-15-8,2019,15,Swan Island,8,Marl,544,52,440,52,492,Extraction,Census,35.09293333,-76.45526667,2017,6,2,2,1,2,1,12,14,2,7.48,7.42,17.1,17.3,28.3,27.5
2019-6-25-OS-15-10,2019,15,Swan Island,10,Granite,836,0,704,132,704,Extraction,Census,35.093,-76.45068333,2018,6,1,1,1,2,1,10,14,4,7.48,7.42,17.1,17.3,28.3,27.5
2019-6-25-OS-15-11,2019,15,Swan Island,11,Granite,1476,0,1240,236,1240,Extraction,Census,35.09185,-76.45116667,2018,5,1.08,1,1,2,1,10,13,3,7.48,7.42,17.1,17.3,28.3,27.5
2019-6-25-OS-15-12,2019,15,Swan Island,12,Granite,596,0,492,104,492,Extraction,Census,35.09305,-76.45183333,2018,5,1.08,1,1,2,1,10,14,4,7.48,7.42,17.1,17.3,28.3,27.5
2019-6-25-OS-15-13,2019,15,Swan Island,13,Granite,888,0,548,340,548,Extraction,Census,35.09221667,-76.45196667,2018,5,1.08,1,1,2,1,10,13,3,7.48,7.42,17.1,17.3,28.3,27.5
2019-6-25-OS-15-14,2019,15,Swan Island,14,Granite,676,0,616,60,616,Extraction,Census,35.09241667,-76.45058333,2018,6,1,1,1,2,1,11,14,3,7.48,7.42,17.1,17.3,28.3,27.5
2019-6-25-OS-15-15,2019,15,Swan Island,15,Granite,684,0,544,140,544,Extraction,Census,35.09318333,-76.45191667,2018,6,1,1,1,2,1,10,14,4,7.48,7.42,17.1,17.3,28.3,27.5
2019-6-25-OS-15-9,2019,15,Swan Island,9,Granite,1552,0,940,612,940,Extraction,Census,35.09236667,-76.4518,2018,5,1.08,1,1,2,1,10,13,3,7.48,7.42,17.1,17.3,28.3,27.5
2019-7-23-OS-08-1,2019,8,Neuse River,1,Marl,28,0,24,4,24,Extraction,Census,35.00658333,-76.53358333,2005,4,14.25,1,4,2,1,10,14,4,NA,NA,NA,NA,NA,NA
2019-7-23-OS-08-2,2019,8,Neuse River,2,Marl,56,4,52,0,56,Extraction,Census,35.00716667,-76.53333333,2006,6,13.08,1,4,2,1,10,14,4,NA,NA,NA,NA,NA,NA
2019-7-23-OS-08-3,2019,8,Neuse River,3,Marl,4,0,4,0,4,Extraction,Census,35.00788333,-76.5328,2008,3,11.33,1,4,2,1,11,14,3,NA,NA,NA,NA,NA,NA
2019-7-23-OS-08-4,2019,8,Neuse River,4,Marl,108,0,104,4,104,Extraction,Census,35.00668333,-76.53383333,2005,4,14.25,1,4,2,1,11,15,4,NA,NA,NA,NA,NA,NA
2019-7-23-OS-14-1,2019,14,Little Creek,1,Basalt,60,24,36,0,60,Extraction,Census,35.04276667,-76.51471667,2016,8,2.92,1,4,2,1,18,NA,NA,NA,NA,NA,NA,NA,NA
2019-7-23-OS-14-2,2019,14,Little Creek,2,Basalt,8,0,8,0,8,Extraction,Census,35.04345,-76.51516667,2016,4,3.25,1,4,2,1,NA,NA,NA,NA,NA,NA,NA,NA,NA
2019-7-23-OS-14-3,2019,14,Little Creek,3,Basalt,12,0,12,0,12,Extraction,Census,35.04286667,-76.51501667,2016,8,2.92,1,4,2,1,18,NA,NA,NA,NA,NA,NA,NA,NA
2019-7-23-OS-14-4,2019,14,Little Creek,4,Granite,4,4,0,0,4,Extraction,Census,35.04456667,-76.51596667,2016,4,3.25,1,4,2,1,21,NA,NA,NA,NA,NA,NA,NA,NA
2019-7-23-OS-14-5,2019,14,Little Creek,5,Granite,48,0,48,0,48,Extraction,Census,35.0427,-76.51403333,2016,8,2.92,1,4,2,1,NA,NA,NA,NA,NA,NA,NA,NA,NA
2019-7-23-OS-14-6,2019,14,Little Creek,6,Granite,12,0,12,0,12,Extraction,Census,35.04268333,-76.51378333,2016,9,2.83,1,4,2,1,NA,NA,NA,NA,NA,NA,NA,NA,NA
2019-8-1-OS-12-4,2019,12,Raccoon Island,4,Crushed Concrete,260,8,104,148,112,Extraction,Census,35.09065,-76.39088333,2016,8,3,NA,NA,NA,NA,14,16,2,NA,NA,NA,NA,NA,NA
2019-8-1-OS-12-5,2019,12,Raccoon Island,5,Crushed Concrete,324,4,160,160,164,Extraction,Census,35.09056667,-76.39091667,2016,8,3,NA,NA,NA,NA,14,16,2,NA,NA,NA,NA,NA,NA
2019-8-1-OS-12-6,2019,12,Raccoon Island,6,Crushed Concrete,356,0,216,140,216,Extraction,Census,35.0908,-76.39163333,2016,8,3,NA,NA,NA,NA,15,16,1,NA,NA,NA,NA,NA,NA
2019-8-1-OS-14-16,2019,14,Little Creek,16,Granite,156,28,128,0,156,Extraction,Census,35.04351667,-76.51561667,2016,4,3.33,1,4,2,1,15,NA,NA,NA,NA,NA,NA,NA,NA
2019-8-1-OS-14-7,2019,14,Little Creek,7,Marl,32,0,28,4,28,Extraction,Census,35.04308333,-76.51563333,2016,8,3,1,4,2,1,18,NA,NA,NA,NA,NA,NA,NA,NA
2019-8-1-OS-14-8,2019,14,Little Creek,8,Marl,4,0,4,0,4,Extraction,Census,35.04371667,-76.51463333,2016,4,3.33,1,4,2,1,17,NA,NA,NA,NA,NA,NA,NA,NA
2019-8-20-OS-01-4,2019,1,Croatan Sound,4,Marl,28,0,24,4,24,Extraction,Census,35.80416667,-75.63996667,1998,8,21,1,2,4,1,10,11,1,6.9,6.7,13.2,13.7,29.2,28
2019-8-20-OS-01-6,2019,1,Croatan Sound,6,Marl,84,12,28,44,40,Extraction,Census,35.80416667,-75.64043333,1998,8,21,1,2,4,1,10,11,1,6.9,6.7,13.2,13.7,29.2,28
2019-8-20-OS-01-7,2019,1,Croatan Sound,7,Marl,24,0,20,4,20,Extraction,Census,35.80421667,-75.64016667,1998,8,21,1,2,4,1,11,11,0,6.9,6.7,13.2,13.7,29.2,28
2019-8-27-OS-02-10,2019,2,Deep Bay,10,Marl,20,0,8,12,8,Extraction,Census,35.38096667,-76.37153333,2003,6,16.17,1,0,3,1,NA,NA,NA,6.8,6.9,18.7,18.9,26.2,26.1
2019-8-27-OS-02-4,2019,2,Deep Bay,4,Marl,16,0,8,8,8,Extraction,Census,35.38071667,-76.37026667,1996,6,23.17,1,3,3,1,NA,NA,NA,6.8,6.9,18.7,18.9,26.2,26.1
2019-8-27-OS-02-5,2019,2,Deep Bay,5,Marl,32,4,12,16,16,Extraction,Census,35.3806,-76.3704,1996,6,23.17,1,3,3,1,NA,NA,NA,6.8,6.9,18.7,18.9,26.2,26.1
2019-8-27-OS-02-6,2019,2,Deep Bay,6,Marl,4,0,4,0,4,Extraction,Census,35.38108333,-76.3704,1996,6,23.17,0,3,3,1,NA,NA,NA,6.8,6.9,18.7,18.9,26.2,26.1
2019-8-27-OS-02-7,2019,2,Deep Bay,7,Marl,64,4,48,12,52,Extraction,Census,35.3812,-76.37068333,2003,6,16.17,1,2,2,1,NA,NA,NA,6.8,6.9,18.7,18.9,26.2,26.1
2019-8-27-OS-02-8,2019,2,Deep Bay,8,Marl,8,0,8,0,8,Extraction,Census,35.3811,-76.3716,2003,6,16.17,1,0,3,1,NA,NA,NA,6.8,6.9,18.7,18.9,26.2,26.1
2019-8-27-OS-02-9,2019,2,Deep Bay,9,Marl,44,0,32,12,32,Extraction,Census,35.38096667,-76.37155,2003,6,16.17,1,0,3,1,NA,NA,NA,6.8,6.9,18.7,18.9,26.2,26.1
2019-8-28-OS-10-1,2019,10,Gibbs Shoal,1,Marl,148,24,64,60,88,Extraction,Census,35.45461667,-75.93353333,2010,10,8.83,1,1,2,3,9,13,4,7.3,5,18.9,21.1,27.1,26.6
2019-8-28-OS-10-2,2019,10,Gibbs Shoal,2,Marl,124,36,24,64,60,Extraction,Census,35.45435,-75.93363333,2011,3,8.42,1,1,2,3,10,13,3,7.3,5,18.9,21.1,27.1,26.6
2019-8-28-OS-10-3,2019,10,Gibbs Shoal,3,Marl,240,56,124,60,180,Extraction,Census,35.45501667,-75.93503333,2010,3,9.42,1,1,2,3,8,12,4,7.3,5,18.9,21.1,27.1,26.6
2019-8-28-OS-10-4,2019,10,Gibbs Shoal,4,Marl,216,24,128,64,152,Extraction,Census,35.45441667,-75.93515,2011,3,8.42,1,1,2,3,9,13,4,7.3,5,18.9,21.1,27.1,26.6
2019-8-28-OS-10-5,2019,10,Gibbs Shoal,5,Marl,156,4,72,80,76,Extraction,Census,35.45503333,-75.93326667,2010,3,9.42,1,1,2,3,8,12,4,7.3,5,18.9,21.1,27.1,26.6
2019-8-6-OS-03-1,2019,3,West Bay,1,Shell,64,4,8,52,12,Extraction,Census,34.98025,-76.35645,2003,5,16.25,1,0,NA,1,NA,NA,NA,NA,NA,NA,NA,NA,NA
2019-8-6-OS-03-2,2019,3,West Bay,2,Shell,40,8,28,4,36,Extraction,Census,34.98008333,-76.35693333,2003,5,16.25,1,0,NA,1,NA,NA,NA,NA,NA,NA,NA,NA,NA
2019-8-6-OS-03-3,2019,3,West Bay,3,Marl,132,16,112,4,128,Extraction,Census,34.97985,-76.35685,2003,6,16.17,1,1,2,3,NA,NA,NA,NA,NA,NA,NA,NA,NA
2019-8-6-OS-03-4,2019,3,West Bay,4,Marl,96,8,84,4,92,Extraction,Census,34.98038333,-76.35753333,1996,8,23,1,1,2,3,NA,NA,NA,NA,NA,NA,NA,NA,NA
2019-8-6-OS-03-5,2019,3,West Bay,5,Marl,176,4,152,20,156,Extraction,Census,34.98051667,-76.3568,1996,8,23,1,1,2,3,NA,NA,NA,NA,NA,NA,NA,NA,NA
2019-8-6-OS-03-6,2019,3,West Bay,6,Marl,48,4,44,0,48,Extraction,Census,34.97998333,-76.35646667,2003,6,16.17,1,1,2,3,NA,NA,NA,NA,NA,NA,NA,NA,NA
2019-8-7-OS-07-1,2019,7,Middle Bay,1,Marl,12,4,8,0,12,Extraction,Census,35.23548333,-76.5034,2004,8,15,1,2,2,NA,8,14,6,5.35,5.45,19.3,19.5,28.1,28.7
2019-8-7-OS-07-2,2019,7,Middle Bay,2,Marl,40,0,28,12,28,Extraction,Census,35.23555,-76.50316667,2004,8,15,1,2,2,NA,8,14,6,5.35,5.45,19.3,19.5,28.1,28.7
2019-8-7-OS-07-3,2019,7,Middle Bay,3,Marl,4,0,4,0,4,Extraction,Census,35.23555,-76.50356667,2004,8,15,1,2,2,NA,8,14,6,5.35,5.45,19.3,19.5,28.1,28.7
2019-9-25-OS-13-1,2019,13,Pea Island,1,Crushed Concrete,204,32,124,48,156,Extraction,Census,35.66686667,-75.61526667,2015,5,4.33,1,1,2,1,12,15,3,NA,NA,NA,NA,NA,NA
2019-9-25-OS-13-2,2019,13,Pea Island,2,Crushed Concrete,300,4,180,116,184,Extraction,Census,35.66683333,-75.61606667,2015,5,4.33,1,1,2,1,13,15,2,NA,NA,NA,NA,NA,NA
2019-9-25-OS-13-3,2019,13,Pea Island,3,Crushed Concrete,264,0,188,76,188,Extraction,Census,35.6658,-75.61535,2015,7,4.17,1,1,2,1,11,15,4,NA,NA,NA,NA,NA,NA
2019-9-26-OS-05-1,2019,5,Crab Hole,1,Marl,332,0,196,136,196,Extraction,Census,35.72593333,-75.67786667,2009,9,10,1,4,2,1,10,13,3,7.1,6.7,18.5,21.4,24.1,24
2019-9-26-OS-05-2,2019,5,Crab Hole,2,Marl,616,0,152,464,152,Extraction,Census,35.7275,-75.67775,2009,11,9.83,1,4,2,1,10,14,4,7.1,6.7,18.5,21.4,24.1,24
2019-9-26-OS-05-3,2019,5,Crab Hole,3,Marl,356,0,68,288,68,Extraction,Census,35.72646667,-75.67725,2006,4,13.42,2,3,2,1,7,13,6,7.1,6.7,18.5,21.4,24.1,24
2019-9-26-OS-05-4,2019,5,Crab Hole,4,Marl,848,0,268,580,268,Extraction,Census,35.72573333,-75.67551667,2009,9,10,1,2,2,1,10,13,3,7.1,6.7,18.5,21.4,24.1,24
2019-9-26-OS-05-5,2019,5,Crab Hole,5,Marl,340,0,96,244,96,Extraction,Census,35.72643333,-75.67851667,2006,3,13.5,1,4,2,1,7,14,7,7.1,6.7,18.5,21.4,24.1,24
2019-9-26-OS-05-6,2019,5,Crab Hole,6,Marl,304,4,68,232,72,Extraction,Census,35.72621667,-75.67688333,2006,4,13.42,1,4,2,1,9,14,5,7.1,6.7,18.5,21.4,24.1,24
2019-9-26-OS-05-7,2019,5,Crab Hole,7,Marl,260,0,152,108,152,Extraction,Census,35.72716667,-75.67856667,2009,10,9.92,1,4,2,1,9,13,4,7.1,6.7,18.5,21.4,24.1,24
2019-9-26-OS-05-8,2019,5,Crab Hole,8,Marl,820,0,360,460,360,Extraction,Census,35.72681667,-75.67741667,2006,4,13.42,1,2,2,1,8,14,6,7.1,6.7,18.5,21.4,24.1,24
2020-6-25-OS-03-4,2020,3,West Bay,4,Marl,432,36,332,64,368,Extraction,Census,34.98018333,-76.35751667,1996,8,23.83,2,1,2,1,NA,NA,NA,7.9,6.9,14,16.1,27.7,27.4
2020-6-25-OS-03-5,2020,3,West Bay,5,Marl,560,60,428,72,488,Extraction,Census,34.97993333,-76.35668333,2003,6,17,1,1,2,1,NA,NA,NA,7.9,6.9,14,16.1,27.7,27.4
2020-6-25-OS-03-6,2020,3,West Bay,6,Marl,28,0,28,0,28,Extraction,Census,34.9802,-76.35756667,1996,8,23.83,1,1,2,1,NA,NA,NA,7.9,6.9,14,16.1,27.7,27.4
2020-6-25-OS-03-7,2020,3,West Bay,7,Shell,1052,92,896,64,988,Extraction,Census,34.98013333,-76.35661667,2003,5,17.08,NA,0,2,1,NA,NA,NA,7.9,6.9,14,16.1,27.7,27.4
2020-6-25-OS-03-8,2020,3,West Bay,8,Shell,476,24,408,44,432,Extraction,Census,34.9802,-76.3564,2003,5,17.08,NA,NA,2,1,NA,NA,NA,7.9,6.9,14,16.1,27.7,27.4
2020-6-25-OS-03-9,2020,3,West Bay,9,Shell,272,4,216,52,220,Extraction,Census,34.97985,-76.35691667,2003,5,17.08,2,1,2,1,NA,NA,NA,7.9,6.9,14,16.1,27.7,27.4
2020-6-25-OS-08-1,2020,8,Neuse River,1,Marl,412,16,256,140,272,Extraction,Census,35.00696667,-76.53373333,2005,4,15.17,1,2,2,1,11,15,4,7.9,7.2,8.8,9.1,27,26.7
2020-6-25-OS-08-2,2020,8,Neuse River,2,Marl,332,16,244,72,260,Extraction,Census,35.00671667,-76.53333333,2005,4,15.17,1,4,2,1,11,15,4,7.9,7.2,8.8,9.1,27,26.7
2020-6-25-OS-08-3,2020,8,Neuse River,3,Marl,376,12,296,68,308,Extraction,Census,35.00666667,-76.5338,2005,4,15.17,4,1,4,1,11,14,3,7.9,7.2,8.8,9.1,27,26.7
2020-6-25-OS-08-4,2020,8,Neuse River,4,Marl,160,4,148,8,152,Extraction,Census,35.0068,-76.53348333,2005,4,15.17,1,4,2,1,11,14,3,7.9,7.2,8.8,9.1,27,26.7
2020-6-26-OS-12-4,2020,12,Raccoon Island,4,Crushed Concrete,4016,36,2704,1276,2740,Extraction,Census,35.09071667,-76.0584,2013,8,6.83,4,0,2,1,15,16,1,8,6.3,11.3,14.4,26.4,24.6
2020-6-26-OS-12-5,2020,12,Raccoon Island,5,Crushed Concrete,4020,72,2888,1060,2960,Extraction,Census,35.0907,-76.05808333,2016,8,3.83,4,0,2,1,13,16,3,8,6.3,11.3,14.4,26.4,24.6
2020-6-26-OS-12-6,2020,12,Raccoon Island,6,Crushed Concrete,80,16,64,0,80,Extraction,Census,35.0907,-76.05748333,2016,8,3.83,4,0,4,1,15,16,1,8,6.3,11.3,14.4,26.4,24.6
2020-6-29-OS-15-1,2020,15,Swan Island,1,Marl,2588,172,1180,1236,1352,Extraction,Census,35.0925,-76.11963333,2017,6,3,2,2,2,3,10,13,3,7.8,3.5,9,12,27.6,27
2020-6-29-OS-15-2,2020,15,Swan Island,2,Marl,360,136,156,68,292,Extraction,Census,35.09208333,-76.45753333,2017,5,3.08,1,3,3,1,10,12,2,7.8,3.5,9,12,27.6,27
2020-6-29-OS-15-3,2020,15,Swan Island,3,Marl,1000,76,580,344,656,Extraction,Census,35.09201667,-76.45276667,2017,5,3.08,1,1,2,2,10,13,3,7.8,3.5,9,12,27.6,27
2020-6-29-OS-15-4,2020,15,Swan Island,4,Marl,1484,220,832,432,1052,Extraction,Census,35.09238333,-76.45623333,2017,6,3,3,3,2,1,11,14,3,7.8,3.5,9,12,27.6,27
2020-6-29-OS-15-5,2020,15,Swan Island,5,Marl,996,172,548,276,720,Extraction,Census,35.09245,-76.45425,2017,6,3,1,2,2,1,10,14,4,7.8,3.5,9,12,27.6,27
2020-6-29-OS-15-6,2020,15,Swan Island,6,Marl,1692,212,888,592,1100,Extraction,Census,35.09243333,-76.45608333,2017,6,3,3,3,2,1,11,14,3,7.8,3.5,9,12,27.6,27
2020-6-29-OS-15-7,2020,15,Swan Island,7,Marl,1032,160,476,396,636,Extraction,Census,35.093,-76.45665,2017,6,3,3,2,2,1,11,14,3,7.8,3.5,9,12,27.6,27
2020-6-29-OS-15-8,2020,15,Swan Island,8,Marl,1156,40,632,484,672,Extraction,Census,35.09271667,-76.45295,2017,6,3,2,2,2,3,10,14,4,7.8,3.5,9,12,27.6,27
2020-6-30-OS-15-10,2020,15,Swan Island,10,Granite,3904,84,2372,1448,2456,Extraction,Census,35.09313333,-76.45221667,2018,6,2,3,1,3,1,10,14,4,7.9,2.9,8.1,13.6,28.4,27.4
2020-6-30-OS-15-11,2020,15,Swan Island,11,Granite,3332,68,1476,1788,1544,Extraction,Census,35.09266667,-76.45073333,2018,6,2,3,1,3,1,10,14,4,7.9,2.9,8.1,13.6,28.4,27.4
2020-6-30-OS-15-12,2020,15,Swan Island,12,Granite,4188,120,1816,2252,1936,Extraction,Census,35.09243333,-76.45015,2018,6,2,3,1,3,1,10,13,3,7.9,2.9,8.1,13.6,28.4,27.4
2020-6-30-OS-15-13,2020,15,Swan Island,13,Granite,3292,36,1516,1740,1552,Extraction,Census,35.09253333,-76.45068333,2018,6,2,3,1,3,1,12,14,2,7.9,2.9,8.1,13.6,28.4,27.4
2020-6-30-OS-15-14,2020,15,Swan Island,14,Granite,2988,40,1324,1624,1364,Extraction,Census,35.09221667,-76.45178333,2018,5,2.08,NA,NA,NA,NA,10,13,3,7.9,2.9,8.1,13.6,28.4,27.4
2020-6-30-OS-15-15,2020,15,Swan Island,15,Granite,4196,180,1692,2324,1872,Extraction,Census,35.09211667,-76.44968333,2018,6,2,3,2,2,1,10,13,3,7.9,2.9,8.1,13.6,28.4,27.4
2020-6-30-OS-15-9,2020,15,Swan Island,9,Granite,2156,212,1168,776,1380,Extraction,Census,35.0922,-76.45,2018,6,2,3,1,2,1,9,13,4,7.9,2.9,8.1,13.6,28.4,27.4
2020-7-1-OS-15-16,2020,15,Swan Island,16,Marl,744,0,552,192,552,Extraction,Census,35.09233333,-76.44948333,2019,6,1.08,3,1,3,1,12,13,1,7.9,7.2,9.5,10.5,28.1,28.3
2020-7-1-OS-15-17,2020,15,Swan Island,17,Marl,1528,12,896,620,908,Extraction,Census,35.09208333,-76.44925,2019,5,1.17,3,1,2,1,10,13,3,7.9,7.2,9.5,10.5,28.1,28.3
2020-7-1-OS-15-18,2020,15,Swan Island,18,Marl,1804,24,1300,480,1324,Extraction,Census,35.09243333,-76.44838333,2019,6,1.08,4,1,2,1,9,13,4,7.9,7.2,9.5,10.5,28.1,28.3
2020-7-1-OS-15-19,2020,15,Swan Island,19,Marl,1384,28,804,552,832,Extraction,Census,35.09195,-76.44738333,2019,6,1.08,3,1,2,1,10,13,3,7.9,7.2,9.5,10.5,28.1,28.3
2020-7-1-OS-15-20,2020,15,Swan Island,20,Marl,1972,32,1472,468,1504,Extraction,Census,35.09185,-76.44898333,2019,5,1.17,4,1,2,1,9,12,3,7.9,7.2,9.5,10.5,28.1,28.3
2020-7-1-OS-15-21,2020,15,Swan Island,21,Marl,1704,64,1136,504,1200,Extraction,Census,35.0931,-76.44936667,2019,5,1.17,2,1,2,1,9,13,4,7.9,7.2,9.5,10.5,28.1,28.3
2020-7-1-OS-15-22,2020,15,Swan Island,22,Marl,1952,40,1308,604,1348,Extraction,Census,35.09216667,-76.44745,2019,6,1.08,3,1,3,1,10,13,3,7.9,7.2,9.5,10.5,28.1,28.3
2020-7-1-OS-15-23,2020,15,Swan Island,23,Marl,1152,12,736,404,748,Extraction,Census,35.0923,-76.44906667,2019,5,1.17,2,1,2,1,11,13,2,7.9,7.2,9.5,10.5,28.1,28.3
2020-7-14-OS-14-15,2020,14,Little Creek,15,Granite,4,0,0,4,0,Extraction,Census,35.04268333,-76.51396667,2016,8,3.92,0,0,3,1,18,NA,NA,9.05,4.6,13,14.1,30.4,28.8
2020-7-14-OS-14-16,2020,14,Little Creek,16,Granite,1288,44,1064,180,1108,Extraction,Census,35.0435,-76.51501667,2016,8,3.92,2,1,2,1,13,NA,NA,9.05,4.6,13,14.1,30.4,28.8
2020-7-14-OS-14-5,2020,14,Little Creek,5,Marl,8,0,0,8,0,Extraction,Census,35.04311667,-76.51593333,2016,6,4.08,1,1,4,1,20,NA,NA,9.05,4.6,13,14.1,30.4,28.8
2020-7-14-OS-14-6,2020,14,Little Creek,6,Marl,24,0,4,20,4,Extraction,Census,35.04331667,-76.5157,2016,4,4.25,1,4,3,1,17,NA,NA,9.05,4.6,13,14.1,30.4,28.8
2020-7-14-OS-14-7,2020,14,Little Creek,7,Marl,4,0,0,4,0,Extraction,Census,35.04331667,-76.51573333,2016,4,4.25,0,0,3,1,16,NA,NA,9.05,4.6,13,14.1,30.4,28.8
2020-7-14-OS-14-8,2020,14,Little Creek,8,Consolidated Concrete,592,12,464,116,476,Extraction,Census,35.04343333,-76.51568333,2016,4,4.25,4,1,3,1,14,NA,NA,9.05,4.6,13,14.1,30.4,28.8
2020-7-14-OS-14-9,2020,14,Little Creek,9,Consolidated Concrete,652,28,540,84,568,Extraction,Census,35.04373333,-76.51548333,2016,4,4.25,1,1,2,1,13,NA,NA,9.05,4.6,13,14.1,30.4,28.8
2020-7-15-OS-02-10,2020,2,Deep Bay,10,Shell,264,36,224,4,260,Extraction,Census,35.38095,-76.3713,2003,6,17.08,4,2,3,1,8,NA,NA,7,6.5,13.3,13.4,29.8,29.3
2020-7-15-OS-02-4,2020,2,Deep Bay,4,Shell,28,12,16,0,28,Extraction,Census,35.38123333,-76.37103333,2003,6,17.08,1,4,3,1,8,NA,NA,7,6.5,13.3,13.4,29.8,29.3
2020-7-15-OS-02-6,2020,2,Deep Bay,6,Shell,184,64,120,0,184,Extraction,Census,35.38103333,-76.37108333,2003,6,17.08,4,1,3,1,8,NA,NA,7,6.5,13.3,13.4,29.8,29.3
2020-7-15-OS-02-7,2020,2,Deep Bay,7,Marl,20,0,20,0,20,Extraction,Census,35.38058333,-76.37028333,1996,6,24.08,1,4,3,1,8,NA,NA,7,6.5,13.3,13.4,29.8,29.3
2020-7-15-OS-02-8,2020,2,Deep Bay,8,Shell,220,24,188,8,212,Extraction,Census,35.38105,-76.37156667,2003,6,17.08,4,1,3,1,8,NA,NA,7,6.5,13.3,13.4,29.8,29.3
2020-7-15-OS-02-9,2020,2,Deep Bay,9,Shell,160,16,144,0,160,Extraction,Census,35.38111667,-76.37158333,2003,6,17.08,4,1,3,1,8,NA,NA,7,6.5,13.3,13.4,29.8,29.3
2020-7-2-OS-14-17A,2020,14,Little Creek,17A,Granite,132,16,100,16,116,Extraction,Census,35.0437,-76.51435,2016,6,4.08,1,1,2,1,NA,NA,NA,9.1,9.29,10.9,18.7,29.3,24.6
2020-7-28-OS-07-1,2020,7,Middle Bay,1,Marl,16,0,16,0,16,Extraction,Census,35.23558333,-76.50353333,2004,8,15.92,1,3,3,1,7,NA,NA,6.25,6.1,16,16.2,30.1,29.9
2020-7-28-OS-07-2,2020,7,Middle Bay,2,Marl,36,8,28,0,36,Extraction,Census,35.2353,-76.50335,2004,8,15.92,1,3,3,1,6,NA,NA,6.25,6.1,16,16.2,30.1,29.9
2020-7-28-OS-07-3,2020,7,Middle Bay,3,Marl,16,0,16,0,16,Extraction,Census,35.23555,-76.50336667,2004,8,15.92,1,3,3,1,7,NA,NA,6.25,6.1,16,16.2,30.1,29.9
2020-7-28-OS-07-4,2020,7,Middle Bay,4,Marl,4,0,0,4,0,Extraction,Census,35.23565,-76.50315,2004,8,15.92,0,3,3,1,6,NA,NA,6.25,6.1,16,16.2,30.1,29.9
2020-7-28-OS-07-5,2020,7,Middle Bay,5,Marl,80,0,72,8,72,Extraction,Census,35.2355,-76.50358333,2004,8,15.92,1,4,3,1,3,NA,NA,6.25,6.1,16,16.2,30.1,29.9
2020-8-11-OS-09-4,2020,9,West Bluff,4,Marl,340,0,308,32,308,Extraction,Census,35.30488333,-76.16878333,2005,8,15,1,1,2,3,9,NA,NA,7.2,6.1,19.1,20.1,30.1,29.8
2020-8-11-OS-09-5,2020,9,West Bluff,5,Marl,352,8,252,92,260,Extraction,Census,35.30405,-76.16851667,2009,6,11.17,1,2,2,3,9,NA,NA,7.2,6.1,19.1,20.1,30.1,29.8
2020-8-11-OS-09-6,2020,9,West Bluff,6,Marl,304,4,232,68,236,Extraction,Census,35.30408333,-76.16871667,2009,4,11.33,1,2,2,3,11,NA,NA,7.2,6.1,19.1,20.1,30.1,29.8
2020-8-11-OS-09-7,2020,9,West Bluff,7,Marl,660,4,532,124,536,Extraction,Census,35.30418333,-76.17046667,2009,7,11.08,1,3,2,3,8,NA,NA,7.2,6.1,19.1,20.1,30.1,29.8
2020-8-17-OS-10-5,2020,10,Gibbs Shoal,5,Marl,320,20,252,48,272,Extraction,Census,35.45503333,-75.93465,2010,2,10.5,1,1,2,4,10,12,2,6.09,5.08,19.6,19.7,28.3,28.3
2020-8-17-OS-10-6,2020,10,Gibbs Shoal,6,Marl,360,12,244,104,256,Extraction,Census,35.12193333,-75.93536667,2010,1,10.58,1,2,2,3,8,12,4,6.09,5.08,19.6,19.7,28.3,28.3
2020-8-17-OS-10-7,2020,10,Gibbs Shoal,7,Marl,268,8,224,36,232,Extraction,Census,35.12135,-75.9335,2010,8,10,1,2,2,4,13,NA,NA,6.09,5.08,19.6,19.7,28.3,28.3
2020-8-17-OS-10-8,2020,10,Gibbs Shoal,8,Marl,200,4,156,40,160,Extraction,Census,35.455,-75.9347,2010,2,10.5,1,1,2,4,13,NA,NA,6.09,5.08,19.6,19.7,28.3,28.3
2020-8-17-OS-10-9,2020,10,Gibbs Shoal,9,Marl,528,20,432,76,452,Extraction,Census,35.45466667,-75.9348,2010,8,10,1,1,2,4,11,13,2,6.09,5.08,19.6,19.7,28.3,28.3
2020-8-18-OS-01-4,2020,1,Croatan Sound,4,Marl,172,0,84,88,84,Extraction,Census,35.8042,-75.64056667,1998,8,22,1,4,3,1,10,11,1,8.4,8,8.2,14.6,28.2,28.2
2020-8-18-OS-01-5,2020,1,Croatan Sound,5,Marl,32,0,20,12,20,Extraction,Census,35.80411667,-75.6402,1998,8,22,1,4,3,1,11,11,0,8.4,8,8.2,14.6,28.2,28.2
2020-8-18-OS-01-6,2020,1,Croatan Sound,6,Marl,260,0,136,124,136,Extraction,Census,35.804,-75.63951667,2003,4,17.33,1,4,3,1,10,11,1,8.4,8,8.2,14.6,28.2,28.2
2020-8-18-OS-01-7,2020,1,Croatan Sound,7,Shell,104,12,60,32,72,Extraction,Census,35.80441667,-75.64001667,2003,4,17.33,1,4,3,1,10,11,1,8.4,8,8.2,14.6,28.2,28.2
2020-8-18-OS-01-8,2020,1,Croatan Sound,8,Shell,124,28,92,4,120,Extraction,Census,35.80431667,-75.63993333,2003,4,17.33,1,0,3,1,10,11,1,8.4,8,8.2,14.6,28.2,28.2
2020-8-18-OS-01-9,2020,1,Croatan Sound,9,Shell,112,8,100,4,108,Extraction,Census,35.80421667,-75.63961667,2003,4,17.33,1,0,3,1,10,10,0,8.4,8,8.2,14.6,28.2,28.2
2020-8-18-OS-05-1,2020,5,Crab Hole,1,Marl,48,0,44,4,44,Extraction,Census,35.72735,-75.67583333,2003,4,17.33,1,1,4,1,12,14,2,8.4,7.22,8.3,21.6,27.7,27.3
2020-8-18-OS-05-2,2020,5,Crab Hole,2,Marl,24,0,20,4,20,Extraction,Census,35.72673333,-75.67795,2006,3,14.42,1,2,4,1,10,14,4,8.4,7.22,8.3,21.6,27.7,27.3
2020-8-18-OS-05-3,2020,5,Crab Hole,3,Marl,336,12,188,136,200,Extraction,Census,35.72541667,-75.67853333,2009,10,10.83,1,3,3,1,8,13,5,8.4,7.22,8.3,21.6,27.7,27.3
2020-8-18-OS-05-4,2020,5,Crab Hole,4,Marl,216,0,96,120,96,Extraction,Census,35.72571667,-75.67796667,2009,9,10.92,1,2,3,1,10,13,3,8.4,7.22,8.3,21.6,27.7,27.3
2020-8-18-OS-05-5,2020,5,Crab Hole,5,Marl,200,4,116,80,120,Extraction,Census,35.72658333,-75.67606667,2006,5,14.25,1,3,4,1,10,14,4,8.4,7.22,8.3,21.6,27.7,27.3
2020-8-18-OS-05-6,2020,5,Crab Hole,6,Marl,520,8,264,248,272,Extraction,Census,35.7254,-75.67753333,2009,10,10.83,1,3,3,1,8,14,6,8.4,7.22,8.3,21.6,27.7,27.3
2020-8-18-OS-05-7,2020,5,Crab Hole,7,Marl,44,0,28,16,28,Extraction,Census,35.72681667,-75.6777,2006,3,14.42,1,4,3,1,12,14,2,8.4,7.22,8.3,21.6,27.7,27.3
2020-8-18-OS-05-8,2020,5,Crab Hole,8,Marl,608,0,280,328,280,Extraction,Census,35.72773333,-75.67533333,2003,4,17.33,1,3,3,1,10,14,4,8.4,7.22,8.3,21.6,27.7,27.3
2020-8-18-OS-13-11,2020,13,Pea Island,11,Crushed Concrete,2432,56,1672,704,1728,Extraction,Census,35.66581667,-75.61526667,2015,7,5.08,4,1,2,3,14,15,1,8.65,6.31,14.3,16.7,28.5,28
2020-8-18-OS-13-6,2020,13,Pea Island,6,Crushed Concrete,476,64,320,92,384,Extraction,Census,35.66526667,-75.61523333,2015,7,5.08,3,0,2,1,10,15,5,8.65,6.31,14.3,16.7,28.5,28
2021-6-28-OS-08-1,2021,8,Neuse River,1,Marl,548,16,264,268,280,Extraction,Census,35.00766667,-76.53376667,2008,3,13.25,1,3,2,2,15,15,0,6.45,6.12,11.13,11.17,26.2,26
2021-6-28-OS-08-2,2021,8,Neuse River,2,Marl,312,12,84,216,96,Extraction,Census,35.00773333,-76.53343333,2008,3,13.25,1,3,2,1,15,15,0,6.45,6.12,11.13,11.17,26.2,26
2021-6-28-OS-08-3,2021,8,Neuse River,3,Marl,376,8,152,216,160,Extraction,Census,35.00651667,-76.53336667,2005,4,16.17,1,3,2,2,12,15,3,6.45,6.12,11.13,11.17,26.2,26
2021-6-28-OS-08-4,2021,8,Neuse River,4,Marl,500,8,156,336,164,Extraction,Census,35.00723333,-76.5341,2006,7,14.92,1,3,2,1,8,15,7,6.45,6.12,11.13,11.17,26.2,26
2021-6-29-OS-02-13-B,2021,2,Deep Bay,13-B,Shell,284,136,136,12,272,Extraction,Census,35.38101667,-76.37096667,2003,6,18,4,1,4,1,8,NA,NA,6.92,6.62,9.77,9.78,28.1,28.1
2021-6-29-OS-02-14,2021,2,Deep Bay,14,Marl,8,4,4,0,8,Extraction,Census,35.38105,-76.37013333,1996,6,25,1,4,2,1,8,NA,NA,6.92,6.62,9.77,9.78,28.1,28.1
2021-6-29-OS-02-15,2021,2,Deep Bay,15,Marl,44,0,32,12,32,Extraction,Census,35.38116667,-76.37065,1996,6,25,1,4,2,NA,6,NA,NA,6.92,6.62,9.77,9.78,28.1,28.1
2021-6-29-OS-02-16-B,2021,2,Deep Bay,16-B,Marl,92,8,68,16,76,Extraction,Census,35.38126667,-76.37135,2003,6,18,1,4,4,1,8,NA,NA,6.92,6.62,9.77,9.78,28.1,28.1
2021-6-29-OS-02-5,2021,2,Deep Bay,5,Shell,36,16,20,0,36,Extraction,Census,35.38091667,-76.37171667,2003,6,18,4,1,4,NA,7,NA,NA,6.92,6.62,9.77,9.78,28.1,28.1
2021-6-29-OS-02-7,2021,2,Deep Bay,7,Marl,100,4,72,24,76,Extraction,Census,35.38115,-76.37156667,2003,6,18,1,3,2,1,7,NA,NA,6.92,6.62,9.77,9.78,28.1,28.1
2021-6-29-OS-02-8,2021,2,Deep Bay,8,Shell,60,16,36,8,52,Extraction,Census,35.38103333,-76.37171667,2003,6,18,4,1,4,1,7,NA,NA,6.92,6.62,9.77,9.78,28.1,28.1
2021-6-30-OS-03-10,2021,3,West Bay,10,Shell,256,8,188,60,196,Extraction,Census,34.97975,-76.35685,2003,5,18.08,4,0,2,1,7,NA,NA,7.69,7.11,14.06,14.15,28.5,28.3
2021-6-30-OS-03-11,2021,3,West Bay,11,Shell,264,8,208,48,216,Extraction,Census,34.98008333,-76.35658333,2003,5,18.08,2,3,3,1,5,NA,NA,7.69,7.11,14.06,14.15,28.5,28.3
2021-6-30-OS-03-12,2021,3,West Bay,12,Shell,184,8,136,40,144,Extraction,Census,34.97968333,-76.3568,2003,5,18.08,4,1,2,1,7,NA,NA,7.69,7.11,14.06,14.15,28.5,28.3
2021-6-30-OS-03-5,2021,3,West Bay,5,Marl,652,20,280,352,300,Extraction,Census,34.98041667,-76.35681667,1996,8,24.83,3,4,3,1,7,NA,NA,7.69,7.11,14.06,14.15,28.5,28.3
2021-6-30-OS-03-6,2021,3,West Bay,6,Marl,1008,92,476,440,568,Extraction,Census,34.98061667,-76.35715,1996,8,24.83,2,2,3,3,7,NA,NA,7.69,7.11,14.06,14.15,28.5,28.3
2021-6-30-OS-03-7,2021,3,West Bay,7,Marl,188,28,120,40,148,Extraction,Census,34.98046667,-76.35666667,1996,8,24.83,2,2,3,1,7,NA,NA,7.69,7.11,14.06,14.15,28.5,28.3
2021-6-30-OS-03-8,2021,3,West Bay,8,Marl,544,84,280,180,364,Extraction,Census,34.98043333,-76.35743333,1996,8,24.83,2,3,3,1,8,NA,NA,7.69,7.11,14.06,14.15,28.5,28.3
2021-6-30-OS-03-9,2021,3,West Bay,9,Shell,88,4,64,20,68,Extraction,Census,34.98025,-76.3565,2003,5,18.08,NA,NA,NA,NA,5,NA,NA,7.69,7.11,14.06,14.15,28.5,28.3
2021-7-14-OS-14-13,2021,14,Little Creek,13,Crushed Concrete,2548,40,1300,1208,1340,Extraction,Census,35.04348333,-76.51566667,2016,4,5.25,4,2,3,1,12,NA,NA,7.52,2.81,12.84,14.75,28.8,27.4
2021-7-14-OS-14-14,2021,14,Little Creek,14,Crushed Concrete,1192,4,932,256,936,Extraction,Census,35.04288333,-76.51528333,2016,8,4.92,3,1,4,1,14,NA,NA,7.52,2.81,12.84,14.75,28.8,27.4
2021-7-14-OS-14-15,2021,14,Little Creek,15,Crushed Concrete,1300,0,932,368,932,Extraction,Census,35.04286667,-76.51526667,2016,8,4.92,1,1,3,1,14,NA,NA,7.52,2.81,12.84,14.75,28.8,27.4
2021-7-14-OS-14-16,2021,14,Little Creek,16,Crushed Concrete,1496,0,1084,412,1084,Extraction,Census,35.04453333,-76.51528333,2016,3,5.33,4,1,3,1,16,NA,NA,7.52,2.81,12.84,14.75,28.8,27.4
2021-7-14-OS-14-5,2021,14,Little Creek,5,Marl,992,40,532,420,572,Extraction,Census,35.04313333,-76.51576667,2016,8,4.92,2,4,2,2,9,NA,NA,7.52,2.81,12.84,14.75,28.8,27.4
2021-7-14-OS-14-6,2021,14,Little Creek,6,Marl,500,0,404,96,404,Extraction,Census,35.04305,-76.51578333,2016,8,4.92,2,4,4,3,15,NA,NA,7.52,2.81,12.84,14.75,28.8,27.4
2021-7-14-OS-14-7,2021,14,Little Creek,7,Marl,196,0,124,72,124,Extraction,Census,35.04346667,-76.51468333,2016,4,5.25,1,4,2,1,15,NA,NA,7.52,2.81,12.84,14.75,28.8,27.4
2021-7-14-OS-14-8,2021,14,Little Creek,8,Marl,300,0,216,84,216,Extraction,Census,35.04313333,-76.51596667,2016,8,4.92,1,3,2,2,14,NA,NA,7.52,2.81,12.84,14.75,28.8,27.4
2021-7-15-OS-14-10,2021,14,Little Creek,10,Granite,684,56,392,236,448,Extraction,Census,35.04455,-76.51595,2016,4,5.25,1,2,2,1,11,NA,NA,7.71,4.94,13.12,14.15,29,28
2021-7-15-OS-14-11,2021,14,Little Creek,11,Granite,276,4,244,28,248,Extraction,Census,35.0438,-76.5145,2016,8,4.92,1,1,3,1,15,NA,NA,7.71,4.94,13.12,14.15,29,28
2021-7-15-OS-14-12,2021,14,Little Creek,12,Granite,28,0,20,8,20,Extraction,Census,35.04453333,-76.51568333,2016,4,5.25,1,1,3,1,18,NA,NA,7.71,4.94,13.12,14.15,29,28
2021-7-15-OS-14-9,2021,14,Little Creek,9,Granite,200,0,168,32,168,Extraction,Census,35.04453333,-76.516,2016,4,5.25,1,1,2,1,18,NA,NA,7.71,4.94,13.12,14.15,29,28
2021-7-21-OS-14-20,2021,14,Little Creek,20,Basalt,920,72,628,220,700,Extraction,Census,35.04351667,-76.51523333,2016,4,5.25,2,3,1,2,NA,NA,NA,7.33,0.65,14.83,19.98,27.7,27.9
2021-7-21-OS-14-21,2021,14,Little Creek,21,Basalt,408,28,268,112,296,Extraction,Census,35.04286667,-76.515,2016,8,4.92,1,3,1,1,NA,NA,NA,7.33,0.65,14.83,19.98,27.7,27.9
2021-7-21-OS-14-23,2021,14,Little Creek,23,Basalt,672,28,468,176,496,Extraction,Census,35.0427,-76.51468333,2016,8,4.92,1,1,1,1,NA,NA,NA,7.33,0.65,14.83,19.98,27.7,27.9
2021-7-21-OS-15-1,2021,15,Swan Island,1,Marl,972,216,576,180,792,Extraction,Census,35.09175,-76.4468,2019,6,2.08,2,1,2,1,9,12,3,8.32,5.8,15.3,17.18,29.1,28.3
2021-7-21-OS-15-2,2021,15,Swan Island,2,Marl,1348,68,476,804,544,Extraction,Census,35.092,-76.44926667,2019,5,2.17,2,1,2,1,9,12,3,8.32,5.8,15.3,17.18,29.1,28.3
2021-7-21-OS-15-4,2021,15,Swan Island,4,Marl,1344,124,492,728,616,Extraction,Census,35.09206667,-76.45595,2017,5,4.17,1,4,2,1,9,13,4,8.32,5.8,15.3,17.18,29.1,28.3
2021-7-21-OS-15-5,2021,15,Swan Island,5,Marl,744,92,376,276,468,Extraction,Census,35.0929,-76.45668333,2017,6,4.08,1,3,2,1,10,14,4,8.32,5.8,15.3,17.18,29.1,28.3
2021-7-21-OS-15-6,2021,15,Swan Island,6,Marl,536,104,288,144,392,Extraction,Census,35.093,-76.45693333,2017,6,4.08,1,4,2,1,11,14,3,8.32,5.8,15.3,17.18,29.1,28.3
2021-7-22-OS-15-3,2021,15,Swan Island,3,Marl,2840,396,828,1616,1224,Extraction,Census,35.09248333,-76.44655,2019,7,2,1,1,2,3,9,12,3,7.28,7.06,15.6,15.59,28,28
2021-7-22-OS-15-7,2021,15,Swan Island,7,Marl,3216,368,764,2084,1132,Extraction,Census,35.092,-76.44666667,2019,6,2.08,1,1,1,2,8,12,4,7.28,7.06,15.6,15.59,28,28
2021-7-22-OS-15-8,2021,15,Swan Island,8,Marl,2416,284,764,1368,1048,Extraction,Census,35.09291667,-76.44886667,2019,5,2.17,1,1,1,1,10,13,3,7.28,7.06,15.6,15.59,28,28
2021-7-27-OS-15-11,2021,15,Swan Island,11,Granite,2592,196,1144,1252,1340,Extraction,Census,35.09268333,-76.45215,2018,5,3.17,1,1,2,1,9,14,5,7.2,6.25,16.4,16.6,28.7,27.8
2021-7-27-OS-15-13,2021,15,Swan Island,13,Granite,1996,84,1004,908,1088,Extraction,Census,35.0924,-76.45206667,2018,5,3.17,2,1,2,1,10,13,3,7.2,6.25,16.4,16.6,28.7,27.8
2021-7-27-OS-15-14,2021,15,Swan Island,14,Granite,2260,124,1364,772,1488,Extraction,Census,35.09185,-76.45201667,2018,5,3.17,2,1,2,1,10,13,3,7.2,6.25,16.4,16.6,28.7,27.8
2021-7-27-OS-15-15,2021,15,Swan Island,15,Granite,2708,100,1280,1328,1380,Extraction,Census,35.09318333,-76.45106667,2018,6,3.08,3,1,2,1,10,14,4,7.2,6.25,16.4,16.6,28.7,27.8
2021-7-27-OS-15-9,2021,15,Swan Island,9,Granite,1252,264,468,520,732,Extraction,Census,35.09301667,-76.45231667,2018,5,3.17,3,1,2,1,11,14,3,7.2,6.25,16.4,16.6,28.7,27.8
2021-7-28-OS-10-5,2021,10,Gibbs Shoal,5,Marl,392,40,296,56,336,Extraction,Census,35.4542,-75.93546667,2011,4,10.25,1,1,3,2,15,NA,NA,7.32,6.7,17.02,18.3,28.6,28.4
2021-7-28-OS-10-6,2021,10,Gibbs Shoal,6,Marl,500,24,348,128,372,Extraction,Census,35.45433333,-75.93641667,2010,9,10.83,1,3,3,2,15,NA,NA,7.32,6.7,17.02,18.3,28.6,28.4
2021-7-28-OS-10-7,2021,10,Gibbs Shoal,7,Marl,356,44,192,120,236,Extraction,Census,35.45456667,-75.93275,2010,9,10.83,1,1,3,2,15,NA,NA,7.32,6.7,17.02,18.3,28.6,28.4
2021-7-28-OS-10-8,2021,10,Gibbs Shoal,8,Marl,268,8,208,52,216,Extraction,Census,35.45438333,-75.9349,2011,3,10.33,1,2,3,2,14,14,0,7.32,6.7,17.02,18.3,28.6,28.4
2021-7-29-OS-06-1,2021,7,Middle Bay,1,Marl,16,0,16,0,16,Extraction,Census,35.23563333,-76.50336667,2004,8,16.92,1,4,4,1,5,14,9,8.05,5.82,14.6,14.97,29.5,28.5
2021-7-29-OS-06-2,2021,7,Middle Bay,2,Marl,20,4,16,0,20,Extraction,Census,35.23561667,-76.50323333,2004,8,16.92,1,4,4,1,4,14,10,8.05,5.82,14.6,14.97,29.5,28.5
2021-7-29-OS-06-3,2021,7,Middle Bay,3,Marl,44,0,32,12,32,Extraction,Census,35.23571667,-76.50336667,2004,8,16.92,1,4,4,1,5,14,9,8.05,5.82,14.6,14.97,29.5,28.5
2021-7-29-OS-06-4,2021,7,Middle Bay,4,Marl,24,0,20,4,20,Extraction,Census,35.2356,-76.5031,2004,8,16.92,1,4,4,1,4,14,10,8.05,5.82,14.6,14.97,29.5,28.5
2021-7-29-OS-09-5,2021,9,West Bluff,5,Marl,376,20,252,104,272,Extraction,Census,35.30451667,-76.16928333,2005,8,15.92,1,2,3,3,9,NA,NA,7.42,6.49,16.02,16.43,28.2,27.9
2021-7-29-OS-09-6,2021,9,West Bluff,6,Marl,316,4,232,80,236,Extraction,Census,35.30491667,-76.17028333,2006,5,15.17,1,4,2,3,11,NA,NA,7.42,6.49,16.02,16.43,28.2,27.9
2021-7-29-OS-09-7,2021,9,West Bluff,7,Marl,472,0,332,140,332,Extraction,Census,35.30481667,-76.1686,2005,8,15.92,1,2,2,NA,7,NA,NA,7.42,6.49,16.02,16.43,28.2,27.9
2021-7-29-OS-09-8,2021,9,West Bluff,8,Marl,464,4,284,176,288,Extraction,Census,35.30436667,-76.17008333,2009,3,12.33,1,3,2,NA,7,NA,NA,7.42,6.49,16.02,16.43,28.2,27.9
2021-7-7-OS-12-5,2021,12,Raccoon Island,5,Crushed Concrete,592,56,332,204,388,Extraction,Census,35.09061667,-76.39168333,2016,8,4.92,4,1,2,1,14,17,3,8.05,6.84,12.42,14.9,28.3,27.4
2021-7-7-OS-12-6,2021,12,Raccoon Island,6,Crushed Concrete,2116,452,944,720,1396,Extraction,Census,35.09056667,-76.39096667,2016,8,4.92,4,1,2,1,14,17,3,8.05,6.84,12.42,14.9,28.3,27.4
2021-7-7-OS-12-7,2021,12,Raccoon Island,7,Crushed Concrete,3476,484,1536,1456,2020,Extraction,Census,35.09083333,-76.39143333,2016,8,4.92,4,1,2,1,16,16,0,8.05,6.84,12.42,14.9,28.3,27.4
2021-7-7-OS-12-8,2021,12,Raccoon Island,8,Crushed Concrete,3676,400,1200,2076,1600,Extraction,Census,35.09055,-76.391,2016,8,4.92,4,1,2,1,16,17,1,8.05,6.84,12.42,14.9,28.3,27.4
2021-8-10-OS-01-1,2021,1,Croatan Sound,1,Shell,20,8,4,8,12,Extraction,Census,35.80408333,-75.63955,2003,4,18.33,1,0,4,1,10,11,1,9.05,8,4.9,12.5,28.3,27.3
2021-8-10-OS-01-11,2021,1,Croatan Sound,11,Marl,100,4,56,40,60,Extraction,Census,35.80341667,-75.64015,1996,6,25.17,1,3,3,1,8,11,3,9.05,8,4.9,12.5,28.3,27.3
2021-8-10-OS-01-12,2021,1,Croatan Sound,12,Marl,256,4,160,92,164,Extraction,Census,35.23555,-75.50316667,1998,8,23,1,3,2,1,9,11,2,9.05,8,4.9,12.5,28.3,27.3
2021-8-10-OS-01-2,2021,1,Croatan Sound,2,Shell,60,8,32,20,40,Extraction,Census,35.8043,-75.63951667,2003,4,18.33,1,1,3,1,10,11,1,9.05,8,4.9,12.5,28.3,27.3
2021-8-10-OS-01-3,2021,1,Croatan Sound,3,Shell,140,12,88,40,100,Extraction,Census,35.80415,-75.6397,2003,4,18.33,1,1,4,1,9,10,1,9.05,8,4.9,12.5,28.3,27.3
2021-8-10-OS-01-4,2021,1,Croatan Sound,4,Shell,8,0,4,4,4,Extraction,Census,35.80426667,-75.64008333,2003,4,18.33,1,0,3,1,10,11,1,9.05,8,4.9,12.5,28.3,27.3
2021-8-10-OS-01-9,2021,1,Croatan Sound,9,Marl,176,0,104,72,104,Extraction,Census,35.80353333,-75.63996667,1996,6,25.17,1,3,4,1,8,11,3,9.05,8,4.9,12.5,28.3,27.3
2021-8-10-OS-05-1,2021,5,Crab Hole,1,Marl,596,4,260,332,264,Extraction,Census,35.72618333,-75.67748333,2006,4,15.33,1,3,3,1,10,13,3,9.06,4.25,4.89,16.9,27.1,26.5
2021-8-10-OS-05-2,2021,5,Crab Hole,2,Marl,564,4,168,392,172,Extraction,Census,35.72668333,-75.6761,2006,4,15.33,1,3,4,1,12,14,2,9.06,4.25,4.89,16.9,27.1,26.5
2021-8-10-OS-05-3,2021,5,Crab Hole,3,Marl,328,0,140,188,140,Extraction,Census,35.72765,-75.67761667,2003,4,18.33,1,3,3,1,9,14,5,9.06,4.25,4.89,16.9,27.1,26.5
2021-8-10-OS-05-4,2021,5,Crab Hole,4,Marl,388,0,156,232,156,Extraction,Census,35.72713333,-75.67843333,2009,10,11.83,1,3,2,1,11,14,3,9.06,4.25,4.89,16.9,27.1,26.5
2021-8-10-OS-05-5,2021,5,Crab Hole,5,Marl,72,0,48,24,48,Extraction,Census,35.72645,-75.67776667,2006,4,15.33,1,3,3,1,11,13,2,9.06,4.25,4.89,16.9,27.1,26.5
2021-8-10-OS-05-6,2021,5,Crab Hole,6,Marl,304,0,176,128,176,Extraction,Census,35.72783333,-75.67848333,2009,11,11.75,1,3,3,1,12,14,2,9.06,4.25,4.89,16.9,27.1,26.5
2021-8-10-OS-05-7,2021,5,Crab Hole,7,Marl,248,0,168,80,168,Extraction,Census,35.72515,-75.67896667,2009,10,11.83,1,2,3,1,11,14,3,9.06,4.25,4.89,16.9,27.1,26.5
2021-8-10-OS-05-8,2021,5,Crab Hole,8,Marl,312,0,184,128,184,Extraction,Census,35.72643333,-75.67631667,2006,4,15.33,1,2,3,1,12,14,2,9.06,4.25,4.89,16.9,27.1,26.5
2021-8-2-OS-15-10,2021,15,Swan Island,10,Granite,2640,180,1124,1336,1304,Extraction,Census,35.0928,-76.45,2018,6,3.17,2,2,2,1,9,14,5,6.37,5.93,17.77,17.7,28.3,28.3
2021-8-2-OS-15-12,2021,15,Swan Island,12,Granite,2380,164,1224,992,1388,Extraction,Census,35.09231667,-76.45006667,2018,6,3.17,2,2,2,1,10,13,3,6.37,5.93,17.77,17.7,28.3,28.3
2021-8-9-OS-13-11,2021,13,Pea Island,11,Crushed Concrete,480,48,304,128,352,Extraction,Census,35.66616667,-75.61618333,2015,6,6.17,3,1,2,1,14,16,2,8.39,6.01,9.91,17.29,28,26.9
2021-8-9-OS-13-12,2021,13,Pea Island,12,Crushed Concrete,2084,44,1512,528,1556,Extraction,Census,35.66586667,-75.6153,2015,7,6.08,1,4,2,2,16,NA,NA,8.39,6.01,9.91,17.29,28,26.9
2021-8-9-OS-13-9,2021,13,Pea Island,9,Crushed Concrete,804,76,476,252,552,Extraction,Census,35.66676667,-75.61601667,2015,5,6.25,4,2,2,1,11,16,5,8.39,6.01,9.91,17.29,28,26.9
2022-6-14-OS-08-1,2022,8,Neuse River,1,Marl,240,12,144,84,156,Extraction,Census,35.00671667,-76.5329,2006,6,16,1,3,3,1,14,14,0,7.87,7.85,20.14,20.1,27.7,27.7
2022-6-14-OS-08-2,2022,8,Neuse River,2,Marl,364,36,224,104,260,Extraction,Census,35.00698333,-76.53361667,2005,4,17.17,1,3,3,1,8,14,6,7.87,7.85,20.14,20.1,27.7,27.7
2022-6-14-OS-08-3,2022,8,Neuse River,3,Marl,340,40,224,76,264,Extraction,Census,35.00665,-76.53326667,2006,6,16,1,3,3,1,9,14,5,7.87,7.85,20.14,20.1,27.7,27.7
2022-6-14-OS-08-4,2022,8,Neuse River,4,Marl,264,12,192,60,204,Extraction,Census,35.00768333,-76.53296667,2008,3,14.25,1,3,3,1,11,14,3,7.87,7.85,20.14,20.1,27.7,27.7
2022-6-20-OS-14-10,2022,14,Little Creek,10,Marl,404,4,240,160,244,Extraction,Census,35.04366667,-76.51466667,2016,4,6.17,1,3,2,1,13,20,7,6.48,5.41,23.9,24.5,26.4,26.3
2022-6-20-OS-14-11,2022,14,Little Creek,11,Marl,192,8,140,44,148,Extraction,Census,35.04315,-76.51595,2016,8,5.83,1,3,2,1,17,17,0,6.48,5.41,23.9,24.5,26.4,26.3
2022-6-20-OS-14-12,2022,14,Little Creek,12,Marl,556,36,368,152,404,Extraction,Census,35.04333333,-76.51595,2016,4,6.17,2,3,2,NA,7,20,13,6.48,5.41,23.9,24.5,26.4,26.3
2022-6-20-OS-14-9,2022,14,Little Creek,9,Marl,448,16,340,92,356,Extraction,Census,35.04341667,-76.51468333,2016,4,6.17,1,3,2,NA,10,20,10,6.48,5.41,23.9,24.5,26.4,26.3
2022-6-27-OS-03-1,2022,3,West Bay,1,Marl,288,12,216,60,228,Extraction,Census,34.97998333,-76.35648333,2003,6,19,1,3,3,3,6,6,0,7.12,5.76,27.1,27.2,27.6,26.8
2022-6-27-OS-03-2,2022,3,West Bay,2,Marl,316,36,232,48,268,Extraction,Census,34.97995,-76.35743333,1996,8,25.83,1,2,3,3,6,6,0,7.12,5.76,27.1,27.2,27.6,26.8
2022-6-27-OS-03-3,2022,3,West Bay,3,Marl,712,32,524,156,556,Extraction,Census,34.98063333,-76.35743333,1998,8,23.83,3,2,3,3,6,6,0,7.12,5.76,27.1,27.2,27.6,26.8
2022-6-27-OS-03-4,2022,3,West Bay,4,Marl,468,32,356,80,388,Extraction,Census,34.97986667,-76.35703333,2003,6,19,1,3,3,3,6,6,0,7.12,5.76,27.1,27.2,27.6,26.8
2022-6-29-OS-14-13,2022,14,Little Creek,13,Granite,864,84,628,152,712,Extraction,Census,35.04296667,-76.51375,2016,8,5.83,2,1,2,NA,14,20,6,7.2,6,24.5,24.9,26.9,27.3
2022-6-29-OS-14-14,2022,14,Little Creek,14,Granite,876,116,624,136,740,Extraction,Census,35.04353333,-76.51496667,2016,8,5.83,4,1,2,1,12,20,8,7.18,6.01,24.5,24.9,26.9,27.3
2022-6-29-OS-14-15,2022,14,Little Creek,15,Granite,320,56,248,16,304,Extraction,Census,35.04451667,-76.51565,2016,4,6.17,1,1,2,1,16,20,4,7.2,6,24.5,24.9,26.9,27.3
2022-6-29-OS-14-16,2022,14,Little Creek,16,Granite,816,44,348,424,392,Extraction,Census,35.04433333,-76.516,2016,8,5.83,2,2,2,1,16,20,4,7.2,6,24.5,24.9,26.9,27.3
2022-6-29-OS-14-17,2022,14,Little Creek,17,Crushed Concrete,656,60,536,60,596,Extraction,Census,35.04415,-76.51395,2016,4,6.17,2,1,2,2,16,20,4,7.2,6,24.5,24.9,26.9,27.3
2022-6-29-OS-14-18,2022,14,Little Creek,18,Crushed Concrete,776,20,652,104,672,Extraction,Census,35.0439,-76.51398333,2016,4,6.17,3,1,2,NA,16,20,4,7.2,6,24.5,24.9,26.9,27.3
2022-6-29-OS-14-19,2022,14,Little Creek,19,Crushed Concrete,748,128,528,92,656,Extraction,Census,35.0429,-76.51518333,2016,8,5.83,1,2,2,1,12,20,8,7.2,6,24.5,24.9,26.9,27.3
2022-6-29-OS-14-2,2022,14,Little Creek,2,Basalt,360,52,240,68,292,Extraction,Census,35.04368333,-76.51526667,2016,4,6.17,2,2,2,3,16,20,4,7.18,6.01,24.5,24.9,26.9,27.3
2022-6-29-OS-14-20,2022,14,Little Creek,20,Crushed Concrete,704,72,540,92,612,Extraction,Census,35.04285,-76.51546667,2016,7,5.92,3,1,2,1,16,20,4,7.2,6,24.5,24.9,26.9,27.3
2022-6-30-OS-15-1,2022,15,Swan Island,1,Marl,1352,196,820,336,1016,Extraction,Census,35.09221667,-76.4467,2019,6,3,3,1,3,2,7,15,8,7.18,6.35,25.1,26.3,26.1,26.2
2022-6-30-OS-15-2,2022,15,Swan Island,2,Marl,848,92,508,248,600,Extraction,Census,35.09306667,-76.45653333,2017,6,5,1,2,3,1,10,15,5,7.18,6.35,25.1,26.3,26.1,26.2
2022-6-30-OS-15-3,2022,15,Swan Island,3,Marl,836,276,436,124,712,Extraction,Census,35.09293333,-76.45536667,2017,6,5,1,1,3,1,11,15,4,7.18,6.35,25.1,26.3,26.1,26.2
2022-6-30-OS-15-4,2022,15,Swan Island,4,Marl,1172,32,892,248,924,Extraction,Census,35.09293333,-76.45701667,2017,6,5,1,1,2,1,9,15,6,7.18,6.35,25.1,26.3,26.1,26.2
2022-7-12-OS-15-10,2022,15,Swan Island,10,Granite,1276,168,816,292,984,Extraction,Census,35.09276667,-76.45183333,2018,5,4.17,2,1,2,1,10,14,4,7.6,5.85,24.7,25.4,27.2,27.3
2022-7-12-OS-15-11,2022,15,Swan Island,11,Granite,712,240,416,56,656,Extraction,Census,35.0926,-76.45001667,2018,6,4.08,3,1,4,1,12,12,0,7.6,5.85,24.7,25.4,27.2,27.3
2022-7-12-OS-15-12,2022,15,Swan Island,12,Granite,668,88,452,128,540,Extraction,Census,35.09191667,-76.44995,2018,6,4.08,2,1,3,1,11,11,0,7.6,5.85,24.7,25.4,27.2,27.3
2022-7-12-OS-15-13,2022,15,Swan Island,13,Granite,1860,196,1284,380,1480,Extraction,Census,35.09271667,-76.44996667,2018,6,4.08,3,1,2,2,9,15,6,7.6,5.85,24.7,25.4,27.2,27.3
2022-7-12-OS-15-14,2022,15,Swan Island,14,Granite,1440,188,1012,240,1200,Extraction,Census,35.09278333,-76.45096667,2018,6,4.08,3,1,2,2,10,15,5,7.6,5.85,24.7,25.4,27.2,27.3
2022-7-12-OS-15-15,2022,15,Swan Island,15,Granite,2544,184,1616,744,1800,Extraction,Census,35.09231667,-76.45121667,2018,6,4.08,3,1,2,1,7,15,8,7.6,5.85,24.7,25.4,27.2,27.3
2022-7-12-OS-15-5,2022,15,Swan Island,5,Marl,1524,48,1092,384,1140,Extraction,Census,35.09258333,-76.45625,2017,6,5.08,1,1,2,1,12,15,3,7.6,5.85,24.7,25.4,27.2,27.3
2022-7-12-OS-15-6,2022,15,Swan Island,6,Marl,784,228,460,96,688,Extraction,Census,35.09168333,-76.44805,2019,6,3.08,1,1,2,1,11,15,4,7.6,5.85,24.7,25.4,27.2,27.3
2022-7-12-OS-15-7,2022,15,Swan Island,7,Marl,1456,236,836,384,1072,Extraction,Census,35.09266667,-76.44715,2019,6,3.08,3,1,2,2,11,15,4,7.6,5.85,24.7,25.4,27.2,27.3
2022-7-12-OS-15-8,2022,15,Swan Island,8,Marl,572,124,288,160,412,Extraction,Census,35.09326667,-76.45618333,2020,6,2.08,1,1,2,1,11,15,4,7.6,5.85,24.7,25.4,27.2,27.3
2022-7-12-OS-15-9,2022,15,Swan Island,9,Granite,1104,44,756,304,800,Extraction,Census,35.09173333,-76.45083333,2018,5,4.17,3,1,3,1,10,10,0,7.6,5.85,24.7,25.4,27.2,27.3
2022-7-20-OS-07-1,2022,7,Middle Bay,1,Marl,24,4,4,16,8,Extraction,Census,35.23545,-76.50338333,2004,8,17.92,1,4,4,2,6,6,0,7.4,6.5,24.3,24.4,27.9,27.9
2022-7-20-OS-07-2,2022,7,Middle Bay,2,Marl,176,0,32,144,32,Extraction,Census,35.23566667,-76.50308333,2004,8,17.92,1,1,3,1,3,6,3,7.4,6.5,24.3,24.4,27.9,27.9
2022-7-20-OS-07-3,2022,7,Middle Bay,3,Marl,176,4,24,148,28,Extraction,Census,35.2353,-76.50333333,2004,8,17.92,1,3,3,1,3,6,3,7.4,6.5,24.3,24.4,27.9,27.9
2022-7-20-OS-07-4,2022,7,Middle Bay,4,Marl,44,4,4,36,8,Extraction,Census,35.23563333,-76.50311667,2004,8,17.92,1,4,4,2,3,6,3,7.4,6.5,24.3,24.4,27.9,27.9
2022-8-18-OS-02-1,2022,2,Deep Bay,1,Marl,420,8,36,376,44,Extraction,Census,35.3812,-76.3707,2003,6,19.17,1,2,4,1,7,8,1,9.24,8.12,25,25.1,27.1,26.2
2022-8-18-OS-02-12,2022,2,Deep Bay,12,Shell,572,36,72,464,108,Extraction,Census,35.381,-76.37156667,2003,6,19.17,2,4,4,1,8,8,0,9.24,8.12,25,25.1,27.1,26.2
2022-8-18-OS-02-13,2022,2,Deep Bay,13,Shell,348,48,80,220,128,Extraction,Census,35.38116667,-76.37121667,2003,6,19.17,1,4,4,1,8,8,0,9.24,8.12,25,25.1,27.1,26.2
2022-8-18-OS-02-14,2022,2,Deep Bay,14,Shell,320,24,76,220,100,Extraction,Census,35.38106667,-76.37125,2003,6,19.17,1,2,4,1,8,8,0,9.24,8.12,25,25.1,27.1,26.2
2022-8-18-OS-02-15,2022,2,Deep Bay,15,Shell,404,32,104,268,136,Extraction,Census,35.381,-76.37125,2003,6,19.17,1,3,4,1,8,8,0,9.24,8.12,25,25.1,27.1,26.2
2022-8-18-OS-02-16,2022,2,Deep Bay,16,Shell,532,40,124,368,164,Extraction,Census,35.38106667,-76.37131667,2003,6,19.17,3,2,4,1,8,8,0,9.24,8.12,25,25.1,27.1,26.2
2022-8-18-OS-02-2,2022,2,Deep Bay,2,Marl,248,12,52,184,64,Extraction,Census,35.38101667,-76.37058333,1996,6,26.17,1,2,4,1,8,8,0,9.24,8.12,25,25.1,27.1,26.2
2022-8-18-OS-02-3,2022,2,Deep Bay,3,Marl,348,36,60,252,96,Extraction,Census,35.38138333,-76.37148333,2003,6,19.17,1,3,4,1,8,8,0,9.24,8.12,25,25.1,27.1,26.2
2022-8-18-OS-02-4,2022,2,Deep Bay,4,Marl,120,8,24,88,32,Extraction,Census,35.3809,-76.37046667,1996,6,26.17,1,1,4,1,8,8,0,9.24,8.12,25,25.1,27.1,26.2
2022-8-18-OS-02-9,2022,2,Deep Bay,9,Shell,132,12,32,88,44,Extraction,Census,35.38108333,-76.37166667,2003,6,19.17,1,1,4,1,8,8,0,9.24,8.12,25,25.1,27.1,26.2
2022-8-18-OS-09-1,2022,9,West Bluff,1,Marl,2296,56,908,1332,964,Extraction,Census,35.304,-76.16905,2009,3,13.42,2,2,2,1,7,12,5,7.55,7.11,29.1,29.1,26.4,26.4
2022-8-18-OS-09-2,2022,9,West Bluff,2,Marl,1164,40,568,556,608,Extraction,Census,35.30481667,-76.16961667,2006,5,16.25,2,2,2,2,7,12,5,7.55,7.11,29.1,29.1,26.4,26.4
2022-8-18-OS-09-3,2022,9,West Bluff,3,Marl,1292,12,568,712,580,Extraction,Census,35.3042,-76.17083333,2009,7,13.08,2,2,2,4,8,12,4,7.55,7.11,29.1,29.1,26.4,26.4
2022-8-18-OS-09-4,2022,9,West Bluff,4,Marl,432,0,100,332,100,Extraction,Census,35.30453333,-76.16828333,2005,8,17,1,1,4,3,11,12,1,7.55,7.11,29.1,29.1,26.4,26.4
2022-8-24-OS-10-1,2022,10,Gibbs Shoal,1,Marl,796,36,636,124,672,Extraction,Census,35.45493333,-75.93401667,2010,6,12.17,2,1,2,3,9,14,5,9.14,4.97,27.3,29.6,27.4,27.1
2022-8-24-OS-10-2,2022,10,Gibbs Shoal,2,Marl,364,24,272,68,296,Extraction,Census,35.45406667,-75.9344,2011,6,11.17,1,1,2,2,10,14,4,9.14,4.97,27.3,29.6,27.4,27.1
2022-8-24-OS-10-3,2022,10,Gibbs Shoal,3,Marl,576,8,468,100,476,Extraction,Census,35.45461667,-75.93393333,2010,8,12,1,1,2,2,9,14,5,9.14,4.97,27.3,29.6,27.4,27.1
2022-8-24-OS-10-4,2022,10,Gibbs Shoal,4,Marl,468,20,372,76,392,Extraction,Census,35.4544,-75.93581667,2011,3,11.42,1,1,2,3,9,14,5,9.14,4.97,27.3,29.6,27.4,27.1
2022-8-24-OS-10-5,2022,10,Gibbs Shoal,5,Marl,864,24,740,100,764,Extraction,Census,35.45486667,-75.93566667,2010,5,12.25,1,1,2,3,8,14,6,9.14,4.97,27.3,29.6,27.4,27.1
2022-8-25-OS-01-1,2022,1,Croatan Sound,1,Marl,124,0,28,96,28,Extraction,Census,35.80358333,-75.64006667,1996,6,26.17,1,1,3,1,8,9,1,8.54,7.41,23.2,25.2,29,28.1
2022-8-25-OS-01-13,2022,1,Croatan Sound,13,Shell,92,0,36,56,36,Extraction,Census,35.8043,-75.63961667,2003,4,19.33,1,1,3,1,8,8,0,8.54,7.41,23.2,25.2,29,28.1
2022-8-25-OS-01-14,2022,1,Croatan Sound,14,Shell,52,4,36,12,40,Extraction,Census,35.80423333,-75.63961667,2003,4,19.33,1,1,3,1,8,8,0,8.54,7.41,23.2,25.2,29,28.1
2022-8-25-OS-01-15,2022,1,Croatan Sound,15,Shell,16,0,16,0,16,Extraction,Census,35.80406667,-75.63956667,2003,4,19.33,1,1,3,1,8,8,0,8.54,7.41,23.2,25.2,29,28.1
2022-8-25-OS-01-16,2022,1,Croatan Sound,16,Shell,36,4,24,8,28,Extraction,Census,35.80426667,-75.63955,2003,4,19.33,1,1,3,1,9,9,0,8.54,7.41,23.2,25.2,29,28.1
2022-8-25-OS-01-2,2022,1,Croatan Sound,2,Marl,68,0,28,40,28,Extraction,Census,35.80406667,-75.6395,2003,4,19.33,1,1,3,1,8,9,1,8.54,7.41,23.2,25.2,29,28.1
2022-8-25-OS-01-3,2022,1,Croatan Sound,3,Marl,228,0,56,172,56,Extraction,Census,35.80443333,-75.64008333,1998,8,24,1,2,3,1,9,9,0,8.54,7.41,23.2,25.2,29,28.1
2022-8-25-OS-01-4,2022,1,Croatan Sound,4,Marl,80,0,36,44,36,Extraction,Census,35.80421667,-75.64003333,1998,8,24,1,3,3,1,8,9,1,8.54,7.41,23.2,25.2,29,28.1
2022-8-25-OS-05-1,2022,5,Crab Hole,1,Marl,816,16,284,516,300,Extraction,Census,35.72786667,-75.67826667,2009,11,12.75,1,3,2,1,9,13,4,8.2,4.07,11.4,26.8,28.6,27.2
2022-8-25-OS-05-2,2022,5,Crab Hole,2,Marl,692,4,272,416,276,Extraction,Census,35.72571667,-75.678,2009,9,12.92,1,4,2,1,7,13,6,8.2,4.07,11.4,26.8,28.6,27.2
2022-8-25-OS-05-3,2022,5,Crab Hole,3,Marl,1024,0,196,828,196,Extraction,Census,35.72661667,-75.67785,2006,3,16.42,1,4,2,1,7,13,6,8.2,4.07,11.4,26.8,28.6,27.2
2022-8-25-OS-05-4,2022,5,Crab Hole,4,Marl,880,8,328,544,336,Extraction,Census,35.72786667,-75.67598333,2009,11,12.75,1,1,3,1,11,13,2,8.2,4.07,11.4,26.8,28.6,27.2
2022-8-25-OS-05-5,2022,5,Crab Hole,5,Marl,1324,8,432,884,440,Extraction,Census,35.7272,-75.67533333,2009,10,12.83,1,2,2,1,8,13,5,8.2,4.07,11.4,26.8,28.6,27.2
2022-8-25-OS-05-6,2022,5,Crab Hole,6,Marl,672,4,92,576,96,Extraction,Census,35.72686667,-75.67676667,2006,4,16.33,1,2,2,1,9,13,4,8.2,4.07,11.4,26.8,28.6,27.2
2022-8-25-OS-05-7,2022,5,Crab Hole,7,Marl,668,0,208,460,208,Extraction,Census,35.72666667,-75.67843333,2006,3,16.42,1,2,2,1,6,13,7,8.2,4.07,11.4,26.8,28.6,27.2
2022-8-25-OS-05-8,2022,5,Crab Hole,8,Marl,1076,8,320,748,328,Extraction,Census,35.72518333,-75.67665,2009,10,12.83,1,3,2,1,8,13,5,8.2,4.07,11.4,26.8,28.6,27.2
2022-8-25-OS-13-5,2022,13,Pea Island,5,Crushed Concrete,1564,88,968,508,1056,Extraction,Census,35.66578333,-75.61533333,2015,7,7.08,3,1,2,1,8,14,6,6.74,3.78,26.3,27.4,27.2,27.9
2022-8-25-OS-13-6,2022,13,Pea Island,6,Crushed Concrete,1288,32,672,584,704,Extraction,Census,35.66758333,-75.61616667,2015,4,7.33,3,1,2,1,9,15,6,6.74,3.78,26.3,27.4,27.2,27.9
2022-8-25-OS-13-8,2022,13,Pea Island,8,Crushed Concrete,2556,88,1428,1040,1516,Extraction,Census,35.6676,-75.61528333,2015,4,7.33,4,1,2,1,10,14,4,6.74,3.78,26.3,27.4,27.2,27.9
2022-8-3-OS-16-1,2022,16,Cedar Island,1,Marl,820,4,604,212,608,Extraction,Census,35.0537,-76.38066667,2021,6,1.17,3,1,2,1,8,12,4,7.69,5.56,27,27.4,29,29.2
2022-8-3-OS-16-2,2022,16,Cedar Island,2,Marl,1816,4,1132,680,1136,Extraction,Census,35.0538,-76.38103333,2021,6,1.17,3,1,3,1,11,12,1,7.69,5.56,27,27.4,29,29.2
2022-8-3-OS-16-3,2022,16,Cedar Island,3,Marl,2016,4,1204,808,1208,Extraction,Census,35.0542,-76.38095,2021,6,1.17,3,1,2,1,11,12,1,7.69,5.56,27,27.4,29,29.2
2022-8-3-OS-16-4,2022,16,Cedar Island,4,Marl,1300,8,844,448,852,Extraction,Census,35.05408333,-76.37995,2021,6,1.17,3,1,2,1,8,12,4,7.69,5.56,27,27.4,29,29.2
2022-8-3-OS-16-5,2022,16,Cedar Island,5,Marl,1548,0,1080,468,1080,Extraction,Census,35.05418333,-76.3802,2021,6,1.17,3,1,2,1,11,12,1,7.69,5.56,27,27.4,29,29.2
2022-8-3-OS-16-6,2022,16,Cedar Island,6,Marl,1344,0,772,572,772,Extraction,Census,35.05325,-76.38023333,2021,6,1.17,3,1,3,1,9,11,2,7.69,5.56,27,27.4,29,29.2
2022-8-3-OS-16-7,2022,16,Cedar Island,7,Marl,1576,8,1068,500,1076,Extraction,Census,35.05341667,-76.38058333,2021,6,1.17,4,1,3,1,9,11,2,7.69,5.56,27,27.4,29,29.2
2022-8-3-OS-16-8,2022,16,Cedar Island,8,Marl,1524,12,840,672,852,Extraction,Census,35.05338333,-76.37961667,2021,6,1.17,4,1,3,1,10,12,2,7.69,5.56,27,27.4,29,29.2
2022-8-4-OS-12-10,2022,12,Raccoon Island,10,Crushed Concrete,2052,484,852,716,1336,Extraction,Census,35.09071667,-76.39173333,2013,8,9,4,1,3,2,14,14,0,6.75,7.6,27.3,20,29.8,29.4
2022-8-4-OS-12-11,2022,12,Raccoon Island,11,Crushed Concrete,1604,228,680,696,908,Extraction,Census,35.09033333,-76.39121667,2014,1,8.58,2,2,2,1,10,14,4,6.75,7.6,27.3,20,29.8,29.4
2022-8-4-OS-12-12,2022,12,Raccoon Island,12,Crushed Concrete,1404,128,608,668,736,Extraction,Census,35.0904,-76.39126667,2014,1,8.58,4,1,3,2,11,14,3,6.75,7.6,27.3,20,29.8,29.4
2022-8-4-OS-12-9,2022,12,Raccoon Island,9,Crushed Concrete,1784,468,756,560,1224,Extraction,Census,35.0906,-76.39098333,2016,8,6,4,1,4,1,12,14,2,6.75,7.6,27.3,20,29.8,29.4
2023-8-1-OS-01-5,2023,1,Croatan Sound,5,Reef Ball,213,NA,NA,NA,NA,Observation,Grid,35.8038,-75.64013333,2013,12,9.67,12,0,4,1,9,10,1,9.8,5.4,15.1,24.2,28.3,27.3
2023-8-1-OS-01-6,2023,1,Croatan Sound,6,Reef Ball,213,NA,NA,NA,NA,Observation,Grid,35.80333333,-75.63925,2013,12,9.67,12,0,2,1,8,9,1,9.8,5.4,15.1,24.2,28.3,27.3
2023-8-1-OS-01-7,2023,1,Croatan Sound,7,Reef Ball,438,NA,NA,NA,NA,Observation,Grid,35.8038,-75.63965,2013,12,9.67,28,0,2,1,8,9,1,9.8,5.4,15.1,24.2,28.3,27.3
2023-8-1-OS-01-8,2023,1,Croatan Sound,8,Reef Ball,262,NA,NA,NA,NA,Observation,Grid,35.80385,-75.6397,2013,12,9.67,16,0,2,1,8,9,1,9.8,5.4,15.1,24.2,28.3,27.3
2023-8-1-OS-13-1,2023,13,Pea Island,1,Consolidated Concrete,1023,NA,NA,NA,NA,Observation,Grid,35.66536667,-75.61421667,2015,4,8.33,56,0,2,1,7,14,7,9.3,7,21.4,24.7,28,28
2023-8-1-OS-13-2,2023,13,Pea Island,2,Consolidated Concrete,316,NA,NA,NA,NA,Observation,Grid,35.66701667,-75.61713333,2015,2,8.5,20,0,2,1,13,15,2,9.3,7,21.4,24.7,28,28
2023-8-1-OS-13-3,2023,13,Pea Island,3,Consolidated Concrete,213,NA,NA,NA,NA,Observation,Grid,35.66751667,-75.61705,2015,1,8.58,12,0,2,1,3,14,11,9.3,7,21.4,24.7,28,28
2023-8-1-OS-13-4,2023,13,Pea Island,4,Consolidated Concrete,507,NA,NA,NA,NA,Observation,Grid,35.66751667,-75.61705,2015,2,8.5,32,0,2,1,13,15,2,9.3,7,21.4,24.7,28,28
2023-8-1-OS-13-9,2023,13,Pea Island,9,Reef Ball,316,NA,NA,NA,NA,Observation,Grid,35.66548333,-75.61698333,2015,10,7.83,20,5,2,1,12,15,3,9.3,7,21.4,24.7,28,28
2023-8-1-OS-13-10,2023,13,Pea Island,10,Reef Ball,1023,NA,NA,NA,NA,Observation,Grid,35.66768333,-75.61436667,2015,7,8.08,56,0,2,1,13,14,1,9.3,7,21.4,24.7,28,28
2023-8-1-OS-13-11,2023,13,Pea Island,11,Reef Ball,1023,NA,NA,NA,NA,Observation,Grid,35.66733333,-75.61416667,2015,7,8.08,56,8,2,1,13,14,1,9.3,7,21.4,24.7,28,28
2023-8-1-OS-13-12,2023,13,Pea Island,12,Reef Ball,580,NA,NA,NA,NA,Observation,Grid,35.6659,-75.6171,2015,8,8,36,0,2,1,13,14,1,9.3,7,21.4,24.7,28,28
2023-7-31-OS-10-6,2023,10,Gibbs Shoal,6,Reef Ball,1349,NA,NA,NA,NA,Observation,Grid,35.45385,-75.93295,2012,2,11.42,68,0,3,1,10,14,4,7.9,6.5,25.6,25,28.6,28.7
2023-7-31-OS-10-7,2023,10,Gibbs Shoal,7,Reef Ball,1235,NA,NA,NA,NA,Observation,Grid,35.45236667,-75.93391667,2013,2,10.42,64,0,3,1,13,14,1,7.9,6.5,25.6,25,28.6,28.7
2023-7-31-OS-10-8,2023,10,Gibbs Shoal,8,Reef Ball,1235,NA,NA,NA,NA,Observation,Grid,35.45278333,-75.9348,2012,9,10.83,64,0,3,1,12,14,2,7.9,6.5,25.6,25,28.6,28.7
2023-7-31-OS-10-9,2023,10,Gibbs Shoal,9,Reef Ball,831,NA,NA,NA,NA,Observation,Grid,35.45333333,-75.93566667,2012,6,11.08,48,0,3,1,13,14,1,7.9,6.5,25.6,25,28.6,28.7
2023-7-31-OS-11-1,2023,11,Long Shoal,1,Reef Ball,1853,NA,NA,NA,NA,Observation,Grid,35.56383333,-75.8306,2013,7,10,84,4,3,1,11,14,3,NA,NA,NA,NA,NA,NA
2023-7-31-OS-11-2,2023,11,Long Shoal,2,Reef Ball,1992,NA,NA,NA,NA,Observation,Grid,35.56346667,-75.82971667,2013,8,9.92,88,8,4,1,10,14,4,NA,NA,NA,NA,NA,NA
2023-7-31-OS-11-3,2023,11,Long Shoal,3,Reef Ball,1467,NA,NA,NA,NA,Observation,Grid,35.56311667,-75.83133333,2013,8,9.92,72,4,4,1,12,14,2,NA,NA,NA,NA,NA,NA
2023-7-31-OS-11-4,2023,11,Long Shoal,4,Reef Ball,1467,NA,NA,NA,NA,Observation,Grid,35.56371667,-75.82976667,2013,7,10,72,16,3,1,11,14,3,NA,NA,NA,NA,NA,NA
2023-7-25-OS-09-5,2023,9,West Bluff,5,Reef Ball,262,NA,NA,NA,NA,Observation,Grid,35.30391667,-76.17108333,2013,6,10.08,16,0,2,1,11,12,1,5.8,4.8,24.1,24.3,29.1,29.1
2023-7-25-OS-09-6,2023,9,West Bluff,6,Reef Ball,580,NA,NA,NA,NA,Observation,Grid,35.30393333,-76.17068333,2013,6,10.08,36,0,2,1,11,12,1,5.8,4.8,24.1,24.3,29.1,29.1
2023-7-25-OS-09-7,2023,9,West Bluff,7,Reef Ball,262,NA,NA,NA,NA,Observation,Grid,35.30405,-76.1702,2013,6,10.08,16,0,2,1,11,13,2,5.8,4.8,24.1,24.3,29.1,29.1
2023-7-25-OS-09-8,2023,9,West Bluff,8,Reef Ball,316,NA,NA,NA,NA,Observation,Grid,35.30396667,-76.17115,2013,6,10.08,20,0,2,1,11,12,1,5.8,4.8,24.1,24.3,29.1,29.1
2023-7-17-OS-16-9,2023,16,Cedar Island,9,Crushed Concrete,1467,NA,NA,NA,NA,Observation,Grid,35.05361667,-76.04368333,2021,7,2,72,4,3,1,13,14,1,7.85,7.1,23.2,23.4,28.9,29.3
2023-7-17-OS-16-10,2023,16,Cedar Island,10,Crushed Concrete,1127,NA,NA,NA,NA,Observation,Grid,35.05331667,-76.37805,2021,7,2,60,0,3,1,11,12,1,7.85,7.1,23.2,23.4,28.9,29.3
2023-7-17-OS-16-11,2023,16,Cedar Island,11,Crushed Concrete,2284,NA,NA,NA,NA,Observation,Grid,35.05406667,-76.37798333,2021,7,2,96,4,2,1,10,14,4,7.85,7.1,23.2,23.4,28.9,29.3
2023-7-17-OS-16-12,2023,16,Cedar Island,12,Crushed Concrete,1720,NA,NA,NA,NA,Observation,Grid,35.05318333,-76.37733333,2021,7,2,80,0,3,1,13,13,0,7.85,7.1,23.2,23.4,28.9,29.3
2023-6-28-OS-14-1,2023,14,Little Creek,1,Basalt,316,NA,NA,NA,NA,Observation,Grid,35.04271667,-76.51493333,2016,8,6.83,20,28,2,1,15,22,7,7.89,5.19,21,20.8,27.6,26.5
2023-6-28-OS-14-2,2023,14,Little Creek,2,Basalt,925,NA,NA,NA,NA,Observation,Grid,35.04295,-76.51468333,2016,8,6.83,52,24,2,1,13,22,9,7.89,5.19,21,20.8,27.6,26.5
2023-6-28-OS-14-3,2023,14,Little Creek,3,Basalt,374,NA,NA,NA,NA,Observation,Grid,35.0427,-76.51466667,2016,8,6.83,24,12,2,1,18,22,4,7.89,5.19,21,20.8,27.6,26.5
2023-6-28-OS-14-4,2023,14,Little Creek,4,Basalt,1720,NA,NA,NA,NA,Observation,Grid,35.04343333,-76.51511667,2016,4,7.17,80,12,2,1,11,22,11,7.89,5.19,21,20.8,27.6,26.5
2023-6-28-OS-14-5,2023,14,Little Creek,5,Reef Ball,97,NA,NA,NA,NA,Observation,Grid,35.04438333,-76.51486667,2016,2,7.33,0,4,3,1,19,22,3,7.89,5.19,21,20.8,27.6,26.5
2023-6-28-OS-14-6,2023,14,Little Creek,6,Reef Ball,97,NA,NA,NA,NA,Observation,Grid,35.0443,-76.51478333,2016,2,7.33,0,8,3,1,19,22,3,7.89,5.19,21,20.8,27.6,26.5
2023-6-28-OS-14-7,2023,14,Little Creek,7,Reef Ball,97,NA,NA,NA,NA,Observation,Grid,35.04441667,-76.5137,2016,2,7.33,0,16,2,1,18,22,4,7.89,5.19,21,20.8,27.6,26.5
2023-6-28-OS-14-8,2023,14,Little Creek,8,Reef Ball,97,NA,NA,NA,NA,Observation,Grid,35.04311667,-76.51385,2016,6,7,0,20,1,1,19,19,0,7.89,5.19,21,20.8,27.6,26.5
2023-6-28-OS-14-21,2023,14,Little Creek,21,Consolidated Concrete,131,NA,NA,NA,NA,Observation,Grid,35.04295,-76.5142,2016,6,7,4,0,2,1,16,18,2,9.9,5.75,20.9,23.2,27.5,26.1
2023-6-28-OS-14-22,2023,14,Little Creek,22,Consolidated Concrete,97,NA,NA,NA,NA,Observation,Grid,35.04275,-76.51415,2016,6,7,0,0,2,1,18,20,2,9.9,5.75,20.9,23.2,27.5,26.1
2023-6-28-OS-14-23,2023,14,Little Creek,23,Consolidated Concrete,97,NA,NA,NA,NA,Observation,Grid,35.04438333,-76.51411667,2016,1,7.42,0,0,2,1,18,22,4,9.9,5.75,20.9,23.2,27.5,26.1
2023-6-28-OS-14-24,2023,14,Little Creek,24,Consolidated Concrete,213,NA,NA,NA,NA,Observation,Grid,35.04353333,-76.51351667,2016,6,7,12,0,2,1,14,20,6,9.9,5.75,20.9,23.2,27.5,26.1
2023-6-20-OS-03-5,2023,3,West Bay,5,Reef Ball,2135,NA,NA,NA,NA,Observation,Grid,34.98023333,-76.35721667,2014,12,8.5,92,4,3,1,6,7,1,8.5,7.3,23,23.1,25.9,25.9
2023-6-20-OS-03-6,2023,3,West Bay,6,Reef Ball,2284,NA,NA,NA,NA,Observation,Grid,34.98018333,-76.3572,2014,12,8.5,96,4,3,1,6,7,1,8.5,7.3,23,23.1,25.9,25.9
2023-6-20-OS-03-7,2023,3,West Bay,7,Reef Ball,2437,NA,NA,NA,NA,Observation,Grid,34.98036667,-76.35716667,2014,12,8.5,100,0,3,1,7,8,1,8.5,7.3,23,23.1,25.9,25.9
2023-6-20-OS-03-8,2023,3,West Bay,8,Reef Ball,2284,NA,NA,NA,NA,Observation,Grid,34.98041667,-76.35723333,2014,12,8.5,96,0,3,1,7,8,1,8.5,7.3,23,23.1,25.9,25.9
2023-6-19-OS-12-1,2023,12,Raccoon Island,1,Reef Ball,1591,NA,NA,NA,NA,Observation,Grid,35.09006667,-76.3918,2013,10,9.67,76,24,2,1,13,15,2,NA,NA,NA,NA,NA,NA
2023-6-19-OS-12-2,2023,12,Raccoon Island,2,Reef Ball,1720,NA,NA,NA,NA,Observation,Grid,35.0906,-76.39218333,2013,9,9.75,80,16,2,1,13,16,3,NA,NA,NA,NA,NA,NA
2023-6-19-OS-12-3,2023,12,Raccoon Island,3,Reef Ball,1591,NA,NA,NA,NA,Observation,Grid,35.09105,-76.39063333,2013,9,9.75,76,4,2,1,14,17,3,NA,NA,NA,NA,NA,NA
2023-6-19-OS-12-4,2023,12,Raccoon Island,4,Reef Ball,2135,NA,NA,NA,NA,Observation,Grid,35.0904,-76.39148333,2013,10,9.67,92,8,2,1,13,16,3,NA,NA,NA,NA,NA,NA
2023-6-19-OS-12-5,2023,12,Raccoon Island,5,Consolidated Concrete,1023,NA,NA,NA,NA,Observation,Grid,35.0896,-76.39213333,2014,3,9.25,56,0,2,1,13,15,2,NA,NA,NA,NA,NA,NA
2023-6-19-OS-12-6,2023,12,Raccoon Island,6,Consolidated Concrete,1467,NA,NA,NA,NA,Observation,Grid,35.09098333,-76.39048333,2014,3,9.25,72,8,2,1,16,17,1,NA,NA,NA,NA,NA,NA
2023-6-19-OS-12-7,2023,12,Raccoon Island,7,Consolidated Concrete,831,NA,NA,NA,NA,Observation,Grid,35.09093333,-76.39191667,2014,3,9.25,48,0,2,1,16,16,0,NA,NA,NA,NA,NA,NA
2023-6-19-OS-12-8,2023,12,Raccoon Island,8,Consolidated Concrete,507,NA,NA,NA,NA,Observation,Grid,35.09003333,-76.3909,2016,9,6.75,32,0,2,1,16,16,0,NA,NA,NA,NA,NA,NA
2023-5-31-OS-02-5,2023,2,Deep Bay,5,Reef Ball,213,NA,NA,NA,NA,Observation,Grid,35.38056667,-76.37141667,2014,11,8.5,12,48,4,1,6,8,2,9.1,8.61,21.9,21.9,21.3,21.2
2023-5-31-OS-02-6,2023,2,Deep Bay,6,Reef Ball,131,NA,NA,NA,NA,Observation,Grid,35.38065,-76.37163333,2014,11,8.5,4,24,4,1,7,9,2,9.1,8.61,21.9,21.9,21.3,21.2
2023-5-31-OS-02-7,2023,2,Deep Bay,7,Reef Ball,374,NA,NA,NA,NA,Observation,Grid,35.3804,-76.37098333,2014,11,8.5,24,44,4,1,6,9,3,9.1,8.61,21.9,21.9,21.3,21.2
2023-5-31-OS-02-8,2023,2,Deep Bay,8,Reef Ball,438,NA,NA,NA,NA,Observation,Grid,35.38055,-76.37155,2014,11,8.5,28,60,4,1,6,8,2,9.1,8.61,21.9,21.9,21.3,21.2
2023-5-31-OS-02-1,2023,2,Deep Bay,1,Marl,288,76,208,4,284,Extraction,Census,35.38125,-76.37116667,2003,6,19.92,32,12,3,2,7,8,1,9.1,8.61,21.9,21.9,21.3,21.2
2023-5-31-OS-02-2,2023,2,Deep Bay,2,Marl,388,40,312,36,352,Extraction,Census,35.38128333,-76.37075,2003,6,19.92,16,44,3,2,7,8,1,9.1,8.61,21.9,21.9,21.3,21.2
2023-5-31-OS-02-3,2023,2,Deep Bay,3,Marl,52,8,36,8,44,Extraction,Census,35.38128333,-76.37051667,2003,6,19.92,4,32,3,1,7,8,1,9.1,8.61,21.9,21.9,21.3,21.2
2023-5-31-OS-02-4,2023,2,Deep Bay,4,Marl,192,0,176,16,176,Extraction,Census,35.38083333,-76.37053333,1996,6,26.92,4,32,3,1,6,8,2,9.1,8.61,21.9,21.9,21.3,21.2
2023-6-13-OS-07-1,2023,7,Middle Bay,1,Marl,92,4,76,12,80,Extraction,Census,35.23565,-76.50356667,2004,8,18.83,NA,NA,4,1,6,8,2,9.98,8.6,21.3,21.3,25.4,25.2
2023-6-13-OS-07-2,2023,7,Middle Bay,2,Marl,348,8,300,40,308,Extraction,Census,35.23571667,-76.50343333,2004,8,18.83,NA,NA,4,1,NA,NA,NA,9.98,8.6,21.3,21.3,25.4,25.2
2023-6-13-OS-07-3,2023,7,Middle Bay,3,Marl,228,4,184,40,188,Extraction,Census,35.23555,-76.50316667,2004,8,18.83,NA,NA,4,1,NA,NA,NA,9.98,8.6,21.3,21.3,25.4,25.2
2023-6-13-OS-07-4,2023,7,Middle Bay,4,Marl,240,0,212,28,212,Extraction,Census,35.23555,-76.50343333,2004,8,18.83,NA,NA,4,1,NA,NA,NA,9.98,8.6,21.3,21.3,25.4,25.2
2023-6-19-OS-12-10,2023,12,Raccoon Island,10,Crushed Concrete,2508,368,1420,720,1788,Extraction,Subsample,35.09083333,-76.39146667,2016,8,6.83,92,0,2,2,9,15,6,NA,NA,NA,NA,NA,NA
2023-6-19-OS-12-11,2023,12,Raccoon Island,11,Crushed Concrete,1896,356,880,660,1236,Extraction,Subsample,35.09065,-76.3917,2016,8,6.83,100,0,2,1,13,15,2,NA,NA,NA,NA,NA,NA
2023-6-19-OS-12-12,2023,12,Raccoon Island,12,Crushed Concrete,2220,348,1236,636,1584,Extraction,Subsample,35.0903,-76.39116667,2014,1,9.42,96,0,2,2,10,15,5,NA,NA,NA,NA,NA,NA
2023-6-19-OS-12-9,2023,12,Raccoon Island,9,Crushed Concrete,1056,220,636,200,856,Extraction,Census,35.09061667,-76.39136667,2016,8,6.83,88,0,2,2,15,15,0,NA,NA,NA,NA,NA,NA
2023-6-20-OS-03-1,2023,3,West Bay,1,Marl,1308,356,700,252,1056,Extraction,Census,34.9805,-76.35756667,1996,9,26.75,64,0,3,2,7,8,1,8.5,7.3,23,23.1,25.9,25.9
2023-6-20-OS-03-2,2023,3,West Bay,2,Marl,1044,440,476,128,916,Extraction,Census,34.98015,-76.3575,1996,9,26.75,76,0,3,2,7,7,0,8.5,7.3,23,23.1,25.9,25.9
2023-6-20-OS-03-3,2023,3,West Bay,3,Marl,1224,132,800,292,932,Extraction,Census,34.98003333,-76.35743333,1996,9,26.75,64,8,3,3,7,7,0,8.5,7.3,23,23.1,25.9,25.9
2023-6-20-OS-03-4,2023,3,West Bay,4,Marl,1080,124,688,268,812,Extraction,Census,34.97981667,-76.357,2003,6,20,56,8,3,2,6,7,1,8.5,7.3,23,23.1,25.9,25.9
2023-6-28-OS-14-10,2023,14,Little Creek,10,Marl,856,24,628,204,652,Extraction,Census,35.04325,-76.51565,2016,4,7.17,40,20,2,1,10,22,12,7.89,5.19,21,20.8,27.6,26.5
2023-6-28-OS-14-11,2023,14,Little Creek,11,Marl,1320,40,824,456,864,Extraction,Census,35.04325,-76.51573333,2016,8,6.83,48,20,2,1,12,22,10,7.89,5.19,21,20.8,27.6,26.5
2023-6-28-OS-14-12,2023,14,Little Creek,12,Marl,984,76,728,180,804,Extraction,Census,35.0435,-76.51475,2016,4,7.17,NA,NA,NA,NA,NA,22,NA,7.89,5.19,21,20.8,27.6,26.5
2023-6-28-OS-14-13,2023,14,Little Creek,13,Granite,600,40,328,232,368,Extraction,Census,35.0446,-76.51568333,2016,4,7.17,24,8,2,1,15,22,7,7.89,5.19,21,20.8,27.6,26.5
2023-6-28-OS-14-14,2023,14,Little Creek,14,Granite,1332,0,824,508,824,Extraction,Census,35.04265,-76.51395,2016,8,6.83,36,0,2,1,19,22,3,7.89,5.19,21,20.8,27.6,26.5
2023-6-28-OS-14-15,2023,14,Little Creek,15,Granite,332,32,264,36,296,Extraction,Census,35.04351667,-76.51438333,2016,8,6.83,56,0,2,1,8,22,14,7.89,5.19,21,20.8,27.6,26.5
2023-6-28-OS-14-16,2023,14,Little Creek,16,Granite,1780,292,1200,288,1492,Extraction,Census,35.04351667,-76.51438333,2016,9,6.75,88,4,2,1,14,22,8,7.89,5.19,21,20.8,27.6,26.5
2023-6-28-OS-14-17,2023,14,Little Creek,17,Crushed Concrete,1712,164,1200,348,1364,Extraction,Census,35.04371667,-76.5157,2016,4,7.17,64,16,2,1,14,22,8,9.9,5.75,20.9,23.2,27.5,26.1
2023-6-28-OS-14-18,2023,14,Little Creek,18,Crushed Concrete,1436,104,1012,320,1116,Extraction,Census,35.04451667,-76.51523333,2016,3,7.25,80,16,2,1,18,22,4,9.9,5.75,20.9,23.2,27.5,26.1
2023-6-28-OS-14-19,2023,14,Little Creek,19,Crushed Concrete,2212,268,1476,468,1744,Extraction,Subsample,35.04273333,-76.51548333,2016,8,6.83,96,4,2,2,14,22,8,9.9,5.75,20.9,23.2,27.5,26.1
2023-6-28-OS-14-20,2023,14,Little Creek,20,Crushed Concrete,2076,280,1436,360,1716,Extraction,Subsample,35.04456667,-76.51555,2016,3,7.25,76,12,2,1,15,22,7,9.9,5.75,20.9,23.2,27.5,26.1
2023-6-28-OS-14-9,2023,14,Little Creek,9,Marl,940,68,680,192,748,Extraction,Census,35.04311667,-76.51593333,2016,8,6.83,60,52,2,1,15,22,7,7.89,5.19,21,20.8,27.6,26.5
2023-6-5-OS-08-1,2023,8,Neuse River,1,Marl,744,60,520,164,580,Extraction,Census,35.0072,-76.533,2006,6,17,52,36,2,1,9,12,3,NA,NA,20.6,21.6,21.6,20.7
2023-6-5-OS-08-2,2023,8,Neuse River,2,Marl,984,68,732,184,800,Extraction,Census,35.0071,-76.53378333,2005,4,18.17,44,24,2,3,11,12,1,NA,NA,20.6,21.6,21.6,20.7
2023-6-5-OS-08-3,2023,8,Neuse River,3,Marl,572,100,416,56,516,Extraction,Census,35.0072,-76.533,2006,7,16.92,48,4,3,1,12,12,0,NA,NA,20.6,21.6,21.6,20.7
2023-6-5-OS-08-4,2023,8,Neuse River,4,Marl,936,144,684,108,828,Extraction,Census,35.00788333,-76.53288333,2008,3,15.25,60,20,2,1,11,13,2,NA,NA,20.6,21.6,21.6,20.7
2023-7-10-OS-15-1,2023,15,Swan Island,1,Marl,3428,80,1960,1388,2040,Extraction,Subsample,35.0919,-76.44711667,2019,6,4.08,72,12,2,2,8,12,4,7.54,7.4,21,21,28.7,28.7
2023-7-10-OS-15-2,2023,15,Swan Island,2,Marl,2380,68,1760,552,1828,Extraction,Subsample,35.09228333,-76.45683333,2017,5,6.17,76,8,2,2,8,9,1,7.54,7.4,21,21,28.7,28.7
2023-7-10-OS-15-3,2023,15,Swan Island,3,Marl,1188,48,684,456,732,Extraction,Census,35.09208333,-76.45376667,2017,5,6.17,44,0,2,1,10,12,2,7.54,7.4,21,21,28.7,28.7
2023-7-10-OS-15-4,2023,15,Swan Island,4,Marl,3040,60,2024,956,2084,Extraction,Subsample,35.0927,-76.45356667,2017,6,6.08,72,16,2,2,10,13,3,7.54,7.4,21,21,28.7,28.7
2023-7-10-OS-15-5,2023,15,Swan Island,5,Marl,2732,156,1856,720,2012,Extraction,Subsample,35.09243333,-76.44948333,2019,5,4.17,80,4,2,3,7,12,5,7.54,7.4,21,21,28.7,28.7
2023-7-10-OS-15-6,2023,15,Swan Island,6,Marl,1264,84,864,316,948,Extraction,Census,35.09286667,-76.45436667,2017,6,6.08,80,0,2,1,12,13,1,7.54,7.4,21,21,28.7,28.7
2023-7-10-OS-15-7,2023,15,Swan Island,7,Marl,1936,220,1068,648,1288,Extraction,Subsample,35.09183333,-76.4476,2019,6,4.08,64,0,2,1,10,12,2,7.54,7.4,21,21,28.7,28.7
2023-7-10-OS-15-8,2023,15,Swan Island,8,Marl,1752,100,1152,500,1252,Extraction,Subsample,35.09285,-76.45585,2017,6,6.08,80,8,2,2,10,11,1,7.54,7.4,21,21,28.7,28.7
2023-7-11-OS-15-10,2023,15,Swan Island,10,Granite,636,140,376,120,516,Extraction,Census,35.09278333,-76.45101667,2018,6,5.08,88,0,3,1,13,14,1,8.5,5.1,21,21.2,28.7,28.7
2023-7-11-OS-15-11,2023,15,Swan Island,11,Granite,4444,224,2740,1480,2964,Extraction,Subsample,35.09241667,-76.45113333,2018,6,5.08,84,4,2,3,8,13,5,8.5,5.1,21,21.2,28.7,28.7
2023-7-11-OS-15-12,2023,15,Swan Island,12,Granite,2896,240,1724,932,1964,Extraction,Subsample,35.09271667,-76.45006667,2018,6,5.08,100,0,3,1,11,14,3,8.5,5.1,21,21.2,28.7,28.7
2023-7-11-OS-15-13,2023,15,Swan Island,13,Granite,2956,316,1368,1272,1684,Extraction,Subsample,35.09305,-76.45186667,2018,5,5.17,100,0,3,2,11,14,3,8.5,5.1,21,21.2,28.7,28.7
2023-7-11-OS-15-14,2023,15,Swan Island,14,Granite,3344,248,1788,1308,2036,Extraction,Subsample,35.09215,-76.45013333,2018,6,5.08,88,12,2,3,10,14,4,8.5,5.1,21,21.2,28.7,28.7
2023-7-11-OS-15-15,2023,15,Swan Island,15,Granite,2788,56,1620,1112,1676,Extraction,Subsample,35.09195,-76.4512,2018,5,5.17,96,0,2,2,10,14,4,8.5,5.1,21,21.2,28.7,28.7
2023-7-11-OS-15-9,2023,15,Swan Island,9,Granite,3540,260,1848,1432,2108,Extraction,Subsample,35.09198333,-76.44996667,2018,6,5.08,88,12,2,3,8,14,6,8.5,5.1,21,21.2,28.7,28.7
2023-7-17-OS-16-2,2023,16,Cedar Island,2,Marl,2312,352,1396,564,1748,Extraction,Subsample,35.05423333,-76.3797,2021,6,2.08,100,0,2,1,10,13,3,7.85,7.1,23.2,23.4,28.9,29.3
2023-7-17-OS-16-3,2023,16,Cedar Island,3,Marl,3228,4,2156,1068,2160,Extraction,Subsample,35.05468333,-76.3781,2022,7,1,64,8,2,3,11,12,1,7.85,7.1,23.2,23.4,28.9,29.3
2023-7-17-OS-16-4,2023,16,Cedar Island,4,Marl,2540,596,1396,548,1992,Extraction,Subsample,35.05433333,-76.3801,2021,6,2.08,92,0,3,1,12,13,1,7.85,7.1,23.2,23.4,28.9,29.3
2023-7-17-OS-16-5,2023,16,Cedar Island,5,Marl,1388,208,692,488,900,Extraction,Census,35.05366667,-76.37995,2021,6,2.08,88,0,2,1,12,13,1,7.85,7.1,23.2,23.4,28.9,29.3
2023-7-17-OS-16-7,2023,16,Cedar Island,7,Marl,2344,392,1132,820,1524,Extraction,Subsample,35.05398333,-76.38026667,2021,6,2.08,100,0,2,"2,3",9,13,4,7.85,7.1,23.2,23.4,28.9,29.3
2023-7-18-OS-16-1,2023,16,Cedar Island,1,Marl,1716,8,1020,688,1028,Extraction,Subsample,35.056,-76.37953333,2022,7,1,88,0,3,1,12,13,1,7.85,7.1,23.2,23.4,28.9,29.3
2023-7-18-OS-16-6,2023,16,Cedar Island,6,Marl,1708,44,1144,520,1188,Extraction,Subsample,35.05488333,-76.38106667,2022,6,1.08,88,0,3,1,11,13,2,7.85,7.1,23.2,23.4,28.9,29.3
2023-7-18-OS-16-8,2023,16,Cedar Island,8,Marl,2312,156,1644,512,1800,Extraction,Subsample,35.05468333,-76.3781,2022,6,1.08,100,0,3,1,11,13,2,7.85,7.1,23.2,23.4,28.9,29.3
2023-7-25-OS-09-1,2023,9,West Bluff,1,Marl,1700,232,892,576,1124,Extraction,Subsample,35.30438333,-76.17033333,2005,11,17.67,56,12,2,4,7,10,3,5.8,4.8,24.1,24.3,29.1,29.1
2023-7-25-OS-09-2,2023,9,West Bluff,2,Marl,336,24,252,60,276,Extraction,Census,35.30453333,-76.17033333,2008,7,15,24,0,2,4,12,12,0,5.8,4.8,24.1,24.3,29.1,29.1
2023-7-25-OS-09-3,2023,9,West Bluff,3,Marl,432,28,312,92,340,Extraction,Census,35.30438333,-76.17093333,2009,3,14.33,44,8,2,4,10,12,2,5.8,4.8,24.1,24.3,29.1,29.1
2023-7-25-OS-09-4,2023,9,West Bluff,4,Marl,780,36,544,200,580,Extraction,Census,35.30495,-76.16951667,2006,5,17.17,48,12,2,4,7,10,3,5.8,4.8,24.1,24.3,29.1,29.1
2023-7-31-OS-10-1,2023,10,Gibbs Shoal,1,Marl,76,20,52,4,72,Extraction,Census,35.4544,-75.93515,2011,3,12.33,NA,NA,3,1,10,14,4,7.9,6.5,25.6,25,28.6,28.7
2023-7-31-OS-10-2,2023,10,Gibbs Shoal,2,Marl,264,40,220,4,260,Extraction,Census,35.45426667,-75.93543333,2011,4,12.25,NA,NA,NA,3,10,14,4,7.9,6.5,25.6,25,28.6,28.7
2023-7-31-OS-10-3,2023,10,Gibbs Shoal,3,Marl,168,56,96,16,152,Extraction,Census,35.45435,-75.93311667,2011,3,12.33,56,0,3,3,9,14,5,7.9,6.5,25.6,25,28.6,28.7
2023-7-31-OS-10-4,2023,10,Gibbs Shoal,4,Marl,260,48,212,0,260,Extraction,Census,35.45486667,-75.9328,2010,7,13,36,0,3,1,7,14,7,7.9,6.5,25.6,25,28.6,28.7
2023-7-31-OS-10-5,2023,10,Gibbs Shoal,5,Marl,204,24,144,36,168,Extraction,Census,35.4552,-75.93346667,2010,1,13.5,44,NA,3,1,12,14,2,7.9,6.5,25.6,25,28.6,28.7
2023-8-1-OS-01-1,2023,1,Croatan Sound,1,Marl,308,12,176,120,188,Extraction,Census,35.80438333,-75.64035,1998,8,25,32,12,4,1,9,9,0,9.8,5.4,15.1,24.2,28.3,27.3
2023-8-1-OS-01-2,2023,1,Croatan Sound,2,Marl,124,36,60,28,96,Extraction,Census,35.80338333,-75.63993333,1996,6,27.17,32,12,2,1,9,9,0,9.8,5.4,15.1,24.2,28.3,27.3
2023-8-1-OS-01-3,2023,1,Croatan Sound,3,Marl,116,24,40,52,64,Extraction,Census,35.8039,-75.6406,1996,6,27.17,12,12,4,1,7,9,2,9.8,5.4,15.1,24.2,28.3,27.3
2023-8-1-OS-01-4,2023,1,Croatan Sound,4,Marl,592,24,408,160,432,Extraction,Census,35.80413333,-75.64043333,1998,8,25,52,12,4,1,9,9,0,9.8,5.4,15.1,24.2,28.3,27.3
2023-8-1-OS-13-5,2023,13,Pea Island,5,Crushed Concrete,1112,176,640,296,816,Extraction,Census,35.66528333,-75.61603333,2015,7,8.08,92,4,2,1,12,13,1,9.3,7,21.4,24.7,28,28
2023-8-1-OS-13-6,2023,13,Pea Island,6,Crushed Concrete,1532,284,816,432,1100,Extraction,Census,35.66726667,-75.61596667,2015,4,8.33,88,0,2,2,9,15,6,9.3,7,21.4,24.7,28,28
2023-8-1-OS-13-7,2023,13,Pea Island,7,Crushed Concrete,1056,168,636,252,804,Extraction,Census,35.6662,-75.61611667,2015,6,8.17,96,0,2,1,12,15,3,9.3,7,21.4,24.7,28,28
2023-8-1-OS-13-8,2023,13,Pea Island,8,Crushed Concrete,1204,192,724,288,916,Extraction,Census,35.6662,-75.61611667,2015,4,8.33,92,0,2,2,13,14,1,9.3,7,21.4,24.7,28,28
2023-8-24-OS-05-1,2023,5,Crab Hole,1,Marl,892,8,448,436,456,Extraction,Census,35.726,-75.67696667,2008,4,15.33,36,48,2,2,8,12,4,8.15,5.53,16.9,33.9,28,28
2023-8-24-OS-05-2,2023,5,Crab Hole,2,Marl,932,12,456,464,468,Extraction,Census,35.72751667,-75.67878333,2009,11,13.75,60,36,2,2,8,12,4,8.15,5.53,16.9,33.9,28,28
2023-8-24-OS-05-3,2023,5,Crab Hole,3,Marl,1372,16,752,604,768,Extraction,Census,35.72601667,-75.67551667,2008,5,15.25,60,28,2,2,8,11,3,8.15,5.53,16.9,33.9,28,28
2023-8-24-OS-05-4,2023,5,Crab Hole,4,Marl,508,12,300,196,312,Extraction,Census,35.72655,-75.00941667,2006,5,17.25,44,44,2,2,8,12,4,8.15,5.53,16.9,33.9,28,28
2023-8-24-OS-05-5,2023,5,Crab Hole,5,Marl,1480,20,592,868,612,Extraction,Census,35.72656667,-75.6764,2006,4,17.33,48,36,2,2,9,12,3,8.15,5.53,16.9,33.9,28,28
2023-8-24-OS-05-6,2023,5,Crab Hole,6,Marl,488,36,220,232,256,Extraction,Census,35.72521667,-75.67738333,2009,10,13.83,24,36,3,2,7,12,5,8.15,5.53,16.9,33.9,28,28
2023-8-24-OS-05-7,2023,5,Crab Hole,7,Marl,1044,64,632,348,696,Extraction,Census,35.72781667,-75.67656667,2009,11,13.75,72,28,2,2,9,10,1,8.15,5.53,16.9,33.9,28,28
2023-8-24-OS-05-8,2023,5,Crab Hole,8,Marl,776,32,548,196,580,Extraction,Census,35.72555,-75.67825,2009,9,13.92,60,28,2,2,8,12,4,8.15,5.53,16.9,33.9,28,28
